一级分类,二级分类,三级功能,Skill名称,技能名称 英文,功能描述,功能偏向,优先级,是否建议首批建设,依赖Skill,边界定位,阶段边界,动作边界,上游边界,下游衔接,相邻技能边界,被依赖次数
需求与产品定义,需求收集,需求归并,需求收集归并,requirement-collection-consolidation,汇总多个来源的需求并去重归类,辅助查看,P1,否,无,在需求与产品定义-需求收集环节，围绕“汇总多个来源的需求并去重归类”提供以汇总、归类、展示为主。,止于需求理解、结构化与文档化，不进入需求质检结论、技术方案设计和研发实现。,负责汇总、合并和归类输入，不做价值判断、优先级排序或正式方案定稿。,无强依赖；可直接基于原始输入材料启动。,典型下游衔接：需求去重与聚类；需求背景补全。,同一子域相邻技能：需求去重与聚类。,2
需求与产品定义,需求收集,需求去重,需求去重与聚类,requirement-deduplication-and-clustering,识别重复需求和相似诉求并聚类,帮助理解,P1,否,需求收集归并,在需求与产品定义-需求收集环节，围绕“识别重复需求和相似诉求并聚类”提供以解释、识别、归因为主。,止于需求理解、结构化与文档化，不进入需求质检结论、技术方案设计和研发实现。,负责识别重复项和相似主题，不决定保留哪条需求进入版本。,以上游技能输出为前置输入：需求收集归并。,无明确下游依赖；更适合作为独立分析节点或被人工消费。,同一子域相邻技能：需求收集归并。,0
需求与产品定义,需求分析,背景补全,需求背景补全,requirement-context-enrichment,补齐业务背景、目标、角色、场景和边界,帮助理解,P1,否,需求收集归并,在需求与产品定义-需求分析环节，围绕“补齐业务背景、目标、角色、场景和边界”提供以解释、识别、归因为主。,止于需求理解、结构化与文档化，不进入需求质检结论、技术方案设计和研发实现。,负责补齐缺失信息，不凭空创造未经证实的新规则、新范围或新承诺。,以上游技能输出为前置输入：需求收集归并。,典型下游衔接：用户痛点分析；用户旅程分析；竞品分析；需求优先级评估；需求价值评估；需求成本预估 等。,主要与这些技能形成边界：需求收集归并；用户痛点分析；用户旅程分析；竞品分析。,9
需求与产品定义,用户研究,痛点识别,用户痛点分析,user-pain-point-analysis,提炼用户核心痛点和影响范围,帮助理解,P1,否,需求背景补全,在需求与产品定义-用户研究环节，围绕“提炼用户核心痛点和影响范围”提供以解释、识别、归因为主。,止于需求理解、结构化与文档化，不进入需求质检结论、技术方案设计和研发实现。,负责提炼现状与差异，帮助理解，不替代最终决策或正式排期。,以上游技能输出为前置输入：需求背景补全。,无明确下游依赖；更适合作为独立分析节点或被人工消费。,同一子域相邻技能：用户旅程分析。,0
需求与产品定义,用户研究,路径分析,用户旅程分析,user-journey-analysis,分析用户从进入到完成目标的过程与断点,帮助理解,P1,否,需求背景补全,在需求与产品定义-用户研究环节，围绕“分析用户从进入到完成目标的过程与断点”提供以解释、识别、归因为主。,止于需求理解、结构化与文档化，不进入需求质检结论、技术方案设计和研发实现。,负责提炼现状与差异，帮助理解，不替代最终决策或正式排期。,以上游技能输出为前置输入：需求背景补全。,无明确下游依赖；更适合作为独立分析节点或被人工消费。,同一子域相邻技能：用户痛点分析。,0
需求与产品定义,市场研究,竞品分析,竞品分析,competitor-analysis,输出竞品能力、规则和差异点,帮助理解,P1,否,需求背景补全,在需求与产品定义-市场研究环节，围绕“输出竞品能力、规则和差异点”提供以解释、识别、归因为主。,止于需求理解、结构化与文档化，不进入需求质检结论、技术方案设计和研发实现。,负责分析竞品能力、规则和差异，不直接给出本方产品路线结论。,以上游技能输出为前置输入：需求背景补全。,典型下游衔接：竞品功能对标；需求优先级评估。,同一子域相邻技能：竞品功能对标。,2
需求与产品定义,市场研究,对标分析,竞品功能对标,competitor-feature-benchmarking,针对指定模块与竞品逐项对比,辅助查看,P1,否,竞品分析,在需求与产品定义-市场研究环节，围绕“针对指定模块与竞品逐项对比”提供以汇总、归类、展示为主。,止于需求理解、结构化与文档化，不进入需求质检结论、技术方案设计和研发实现。,负责按指定维度逐项比对，不覆盖完整市场扫描或战略推演。,以上游技能输出为前置输入：竞品分析。,无明确下游依赖；更适合作为独立分析节点或被人工消费。,同一子域相邻技能：竞品分析。,0
需求与产品定义,需求规划,优先级判断,需求优先级评估,requirement-priority-assessment,按价值、成本、风险、时效给需求排序,辅助决策,P1,否,需求背景补全; 竞品分析,在需求与产品定义-需求规划环节，围绕“按价值、成本、风险、时效给需求排序”提供以判断依据、风险提示、建议为主。,止于需求理解、结构化与文档化，不进入需求质检结论、技术方案设计和研发实现。,负责给出评估依据、估计或排序建议，不替代负责人最终拍板。,以上游技能输出为前置输入：需求背景补全; 竞品分析。,典型下游衔接：版本范围裁剪建议。,同一子域相邻技能：需求价值评估；需求成本预估；需求风险预判。,1
需求与产品定义,需求规划,价值判断,需求价值评估,requirement-value-assessment,评估业务收益、用户收益和战略价值,辅助决策,P1,否,需求背景补全,在需求与产品定义-需求规划环节，围绕“评估业务收益、用户收益和战略价值”提供以判断依据、风险提示、建议为主。,止于需求理解、结构化与文档化，不进入需求质检结论、技术方案设计和研发实现。,负责给出评估依据、估计或排序建议，不替代负责人最终拍板。,以上游技能输出为前置输入：需求背景补全。,无明确下游依赖；更适合作为独立分析节点或被人工消费。,同一子域相邻技能：需求优先级评估；需求成本预估；需求风险预判。,0
需求与产品定义,需求规划,成本判断,需求成本预估,requirement-cost-estimation,粗估研发、测试和协同成本,辅助决策,P1,否,需求背景补全,在需求与产品定义-需求规划环节，围绕“粗估研发、测试和协同成本”提供以判断依据、风险提示、建议为主。,止于需求理解、结构化与文档化，不进入需求质检结论、技术方案设计和研发实现。,负责给出评估依据、估计或排序建议，不替代负责人最终拍板。,以上游技能输出为前置输入：需求背景补全。,无明确下游依赖；更适合作为独立分析节点或被人工消费。,同一子域相邻技能：需求优先级评估；需求价值评估；需求风险预判。,0
需求与产品定义,需求规划,风险判断,需求风险预判,requirement-risk-assessment,识别实现、上线、协同和规则风险,辅助决策,P1,否,需求背景补全,在需求与产品定义-需求规划环节，围绕“识别实现、上线、协同和规则风险”提供以判断依据、风险提示、建议为主。,止于需求理解、结构化与文档化，不进入需求质检结论、技术方案设计和研发实现。,负责给出评估依据、估计或排序建议，不替代负责人最终拍板。,以上游技能输出为前置输入：需求背景补全。,无明确下游依赖；更适合作为独立分析节点或被人工消费。,同一子域相邻技能：需求优先级评估；需求价值评估；需求成本预估。,0
需求与产品定义,需求结构化,功能拆解,需求拆解,requirement-breakdown,把大需求拆成可开发、可测试、可评估的功能单元,直接出结果,P0,是,需求背景补全,在需求与产品定义-需求结构化环节，围绕“把大需求拆成可开发、可测试、可评估的功能单元”提供以草稿、清单、结构化结果为主。,止于需求理解、结构化与文档化，不进入需求质检结论、技术方案设计和研发实现。,负责拆成可执行单元和依赖关系，不负责后续详细设计、编码或测试落地。,以上游技能输出为前置输入：需求背景补全。,典型下游衔接：业务规则抽取；状态流转梳理；权限矩阵提取；数据对象识别；原型转后端需求；PRD生成 等。,同一子域相邻技能：业务规则抽取；状态流转梳理；权限矩阵提取；数据对象识别。,10
需求与产品定义,需求结构化,规则抽取,业务规则抽取,business-rule-extraction,从文档中提取业务规则和约束条件,直接出结果,P1,否,需求拆解,在需求与产品定义-需求结构化环节，围绕“从文档中提取业务规则和约束条件”提供以草稿、清单、结构化结果为主。,止于需求理解、结构化与文档化，不进入需求质检结论、技术方案设计和研发实现。,负责从现有材料中抽出结构化信息，不补充输入中不存在的业务承诺。,以上游技能输出为前置输入：需求拆解。,典型下游衔接：状态流转梳理；权限矩阵提取；PRD生成；需求完整性检查；需求矛盾检测；需求漏洞扫描 等。,同一子域相邻技能：需求拆解；状态流转梳理；权限矩阵提取；数据对象识别。,10
需求与产品定义,需求结构化,状态建模,状态流转梳理,state-transition-mapping,识别状态、状态转换条件和不可逆点,帮助理解,P1,否,需求拆解; 业务规则抽取,在需求与产品定义-需求结构化环节，围绕“识别状态、状态转换条件和不可逆点”提供以解释、识别、归因为主。,止于需求理解、结构化与文档化，不进入需求质检结论、技术方案设计和研发实现。,负责从现有材料中抽出结构化信息，不补充输入中不存在的业务承诺。,以上游技能输出为前置输入：需求拆解; 业务规则抽取。,典型下游衔接：PRD生成；需求矛盾检测；需求漏洞扫描。,同一子域相邻技能：需求拆解；业务规则抽取；权限矩阵提取；数据对象识别。,3
需求与产品定义,需求结构化,权限抽取,权限矩阵提取,permission-matrix-extraction,按角色梳理查看、创建、编辑、审批等权限,直接出结果,P1,否,需求拆解; 业务规则抽取,在需求与产品定义-需求结构化环节，围绕“按角色梳理查看、创建、编辑、审批等权限”提供以草稿、清单、结构化结果为主。,止于需求理解、结构化与文档化，不进入需求质检结论、技术方案设计和研发实现。,负责从现有材料中抽出结构化信息，不补充输入中不存在的业务承诺。,以上游技能输出为前置输入：需求拆解; 业务规则抽取。,典型下游衔接：PRD生成；需求矛盾检测；需求漏洞扫描；权限模型设计；权限测试点生成。,同一子域相邻技能：需求拆解；业务规则抽取；状态流转梳理；数据对象识别。,5
需求与产品定义,需求结构化,数据识别,数据对象识别,data-object-identification,抽取业务对象、关键字段和数据影响面,帮助理解,P1,否,需求拆解,在需求与产品定义-需求结构化环节，围绕“抽取业务对象、关键字段和数据影响面”提供以解释、识别、归因为主。,止于需求理解、结构化与文档化，不进入需求质检结论、技术方案设计和研发实现。,负责从现有材料中抽出结构化信息，不补充输入中不存在的业务承诺。,以上游技能输出为前置输入：需求拆解。,无明确下游依赖；更适合作为独立分析节点或被人工消费。,同一子域相邻技能：需求拆解；业务规则抽取；状态流转梳理；权限矩阵提取。,0
需求与产品定义,原型理解,页面解析,原型转功能点,prototype-to-feature-points,从原型页提取页面能力点和后台意图,直接出结果,P1,否,需求背景补全,在需求与产品定义-原型理解环节，围绕“从原型页提取页面能力点和后台意图”提供以草稿、清单、结构化结果为主。,止于需求理解、结构化与文档化，不进入需求质检结论、技术方案设计和研发实现。,负责从现有材料中抽出结构化信息，不补充输入中不存在的业务承诺。,以上游技能输出为前置输入：需求背景补全。,典型下游衔接：原型转后端需求；页面动作提取；表单字段提取。,同一子域相邻技能：原型转后端需求；页面动作提取；表单字段提取。,3
需求与产品定义,原型理解,后端抽取,原型转后端需求,prototype-to-backend-requirements,从页面、表单、状态中抽取后端实现需求,直接出结果,P1,否,原型转功能点; 需求拆解,在需求与产品定义-原型理解环节，围绕“从页面、表单、状态中抽取后端实现需求”提供以草稿、清单、结构化结果为主。,止于需求理解、结构化与文档化，不进入需求质检结论、技术方案设计和研发实现。,负责从现有材料中抽出结构化信息，不补充输入中不存在的业务承诺。,以上游技能输出为前置输入：原型转功能点; 需求拆解。,无明确下游依赖；更适合作为独立分析节点或被人工消费。,同一子域相邻技能：原型转功能点；页面动作提取；表单字段提取。,0
需求与产品定义,原型理解,动作提取,页面动作提取,page-action-extraction,抽取按钮、菜单、批量操作和状态切换动作,辅助查看,P2,否,原型转功能点,在需求与产品定义-原型理解环节，围绕“抽取按钮、菜单、批量操作和状态切换动作”提供以汇总、归类、展示为主。,止于需求理解、结构化与文档化，不进入需求质检结论、技术方案设计和研发实现。,负责从现有材料中抽出结构化信息，不补充输入中不存在的业务承诺。,以上游技能输出为前置输入：原型转功能点。,无明确下游依赖；更适合作为独立分析节点或被人工消费。,同一子域相邻技能：原型转功能点；原型转后端需求；表单字段提取。,0
需求与产品定义,原型理解,字段提取,表单字段提取,form-field-extraction,抽取字段、校验、默认值和可编辑条件,直接出结果,P2,否,原型转功能点,在需求与产品定义-原型理解环节，围绕“抽取字段、校验、默认值和可编辑条件”提供以草稿、清单、结构化结果为主。,止于需求理解、结构化与文档化，不进入需求质检结论、技术方案设计和研发实现。,负责从现有材料中抽出结构化信息，不补充输入中不存在的业务承诺。,以上游技能输出为前置输入：原型转功能点。,无明确下游依赖；更适合作为独立分析节点或被人工消费。,同一子域相邻技能：原型转功能点；原型转后端需求；页面动作提取。,0
需求与产品定义,文档产出,PRD生成,PRD生成,prd-generation,根据结构化需求直接生成 PRD 初稿,直接出结果,P0,是,需求拆解; 业务规则抽取; 状态流转梳理; 权限矩阵提取,在需求与产品定义-文档产出环节，围绕“根据结构化需求直接生成 PRD 初稿”提供以草稿、清单、结构化结果为主。,止于需求理解、结构化与文档化，不进入需求质检结论、技术方案设计和研发实现。,负责生成初稿、清单、说明或文档，不保证可直接上线/发布，仍需人工校对。,以上游技能输出为前置输入：需求拆解; 业务规则抽取; 状态流转梳理; 权限矩阵提取。,典型下游衔接：PRD补全；PRD评审问题生成；需求可执行性检查；需求交接包生成。,同一子域相邻技能：PRD补全；PRD评审问题生成。,4
需求与产品定义,文档产出,PRD补全,PRD补全,prd-completion,对现有 PRD 缺失内容进行补写和完善,直接出结果,P1,否,PRD生成; 需求完整性检查,在需求与产品定义-文档产出环节，围绕“对现有 PRD 缺失内容进行补写和完善”提供以草稿、清单、结构化结果为主。,止于需求理解、结构化与文档化，不进入需求质检结论、技术方案设计和研发实现。,负责补齐缺失信息，不凭空创造未经证实的新规则、新范围或新承诺。,以上游技能输出为前置输入：PRD生成; 需求完整性检查。,无明确下游依赖；更适合作为独立分析节点或被人工消费。,同一子域相邻技能：PRD生成；PRD评审问题生成。,0
需求与产品定义,文档产出,评审辅助,PRD评审问题生成,prd-review-question-generation,为评审会自动生成问题清单和关注点,直接出结果,P1,否,PRD生成; 需求质量审查,在需求与产品定义-文档产出环节，围绕“为评审会自动生成问题清单和关注点”提供以草稿、清单、结构化结果为主。,止于需求理解、结构化与文档化，不进入需求质检结论、技术方案设计和研发实现。,负责生成初稿、清单、说明或文档，不保证可直接上线/发布，仍需人工校对。,以上游技能输出为前置输入：PRD生成; 需求质量审查。,无明确下游依赖；更适合作为独立分析节点或被人工消费。,同一子域相邻技能：PRD生成；PRD补全。,0
需求质量保障,完整性审查,缺项检查,需求完整性检查,requirement-completeness-check,检查是否缺少规则、校验、异常、权限、数据影响等,辅助决策,P0,是,需求拆解; 业务规则抽取,在需求质量保障-完整性审查环节，围绕“检查是否缺少规则、校验、异常、权限、数据影响等”提供以判断依据、风险提示、建议为主。,止于需求审查与放行建议，不回写需求正文，也不进入技术设计、开发和测试执行。,负责按规范或规则核查并指出问题，不自动修复或代替负责人签字。,以上游技能输出为前置输入：需求拆解; 业务规则抽取。,典型下游衔接：PRD补全；需求质量审查。,主要与这些技能形成边界：需求拆解；业务规则抽取；PRD补全；需求质量审查。,2
需求质量保障,可执行性审查,开工判断,需求可执行性检查,requirement-executability-check,判断需求是否足够支撑研发估时、设计、开发和测试,辅助决策,P0,是,需求拆解; PRD生成,在需求质量保障-可执行性审查环节，围绕“判断需求是否足够支撑研发估时、设计、开发和测试”提供以判断依据、风险提示、建议为主。,止于需求审查与放行建议，不回写需求正文，也不进入技术设计、开发和测试执行。,负责按规范或规则核查并指出问题，不自动修复或代替负责人签字。,以上游技能输出为前置输入：需求拆解; PRD生成。,典型下游衔接：需求质量审查；工时估算辅助。,主要与这些技能形成边界：需求拆解；PRD生成；需求质量审查；工时估算辅助。,2
需求质量保障,一致性审查,矛盾识别,需求矛盾检测,requirement-conflict-detection,识别规则冲突、权限冲突、状态冲突和口径冲突,帮助理解,P0,是,业务规则抽取; 状态流转梳理; 权限矩阵提取,在需求质量保障-一致性审查环节，围绕“识别规则冲突、权限冲突、状态冲突和口径冲突”提供以解释、识别、归因为主。,止于需求审查与放行建议，不回写需求正文，也不进入技术设计、开发和测试执行。,负责从现有材料中抽出结构化信息，不补充输入中不存在的业务承诺。,以上游技能输出为前置输入：业务规则抽取; 状态流转梳理; 权限矩阵提取。,典型下游衔接：需求质量审查。,主要与这些技能形成边界：业务规则抽取；状态流转梳理；权限矩阵提取；需求质量审查。,1
需求质量保障,风险审查,漏洞识别,需求漏洞扫描,requirement-vulnerability-scan,发现并发、幂等、越权、异常恢复、边界遗漏,辅助决策,P0,是,业务规则抽取; 状态流转梳理; 权限矩阵提取,在需求质量保障-风险审查环节，围绕“发现并发、幂等、越权、异常恢复、边界遗漏”提供以判断依据、风险提示、建议为主。,止于需求审查与放行建议，不回写需求正文，也不进入技术设计、开发和测试执行。,负责从现有材料中抽出结构化信息，不补充输入中不存在的业务承诺。,以上游技能输出为前置输入：业务规则抽取; 状态流转梳理; 权限矩阵提取。,典型下游衔接：需求质量审查；并发控制建议；幂等设计建议；安全风险分析；并发测试点生成；幂等测试点生成。,主要与这些技能形成边界：业务规则抽取；状态流转梳理；权限矩阵提取；需求质量审查。,6
需求质量保障,不确定项审查,未决识别,待确认项提取,pending-items-extraction,提取阻塞研发和测试推进的未确认问题,直接出结果,P0,是,需求拆解; 业务规则抽取,在需求质量保障-不确定项审查环节，围绕“提取阻塞研发和测试推进的未确认问题”提供以草稿、清单、结构化结果为主。,止于需求审查与放行建议，不回写需求正文，也不进入技术设计、开发和测试执行。,负责从现有材料中抽出结构化信息，不补充输入中不存在的业务承诺。,以上游技能输出为前置输入：需求拆解; 业务规则抽取。,典型下游衔接：需求质量审查。,主要与这些技能形成边界：需求拆解；业务规则抽取；需求质量审查。,1
需求质量保障,门禁审查,总体放行,需求质量审查,requirement-quality-review,汇总完整性、可执行性、矛盾、漏洞并给出放行建议,辅助决策,P0,是,需求完整性检查; 需求可执行性检查; 需求矛盾检测; 需求漏洞扫描; 待确认项提取,在需求质量保障-门禁审查环节，围绕“汇总完整性、可执行性、矛盾、漏洞并给出放行建议”提供以判断依据、风险提示、建议为主。,止于需求审查与放行建议，不回写需求正文，也不进入技术设计、开发和测试执行。,负责汇总、合并和归类输入，不做价值判断、优先级排序或正式方案定稿。,以上游技能输出为前置输入：需求完整性检查; 需求可执行性检查; 需求矛盾检测; 需求漏洞扫描; 待确认项提取。,典型下游衔接：PRD评审问题生成；需求交接包生成；验收标准生成；开发需求解析；测试点生成；Skill路由选择 等。,主要与这些技能形成边界：需求完整性检查；需求可执行性检查；需求矛盾检测；需求漏洞扫描。,8
协同交接,产品到研发,交接包输出,需求交接包生成,handover-package-generation,输出给研发的交接材料、风险点和待确认项,直接出结果,P0,是,PRD生成; 需求质量审查,在协同交接-产品到研发环节，围绕“输出给研发的交接材料、风险点和待确认项”提供以草稿、清单、结构化结果为主。,止于跨角色交接、同步与反馈，不替代产品、研发、测试各自的专业产出。,负责生成初稿、清单、说明或文档，不保证可直接上线/发布，仍需人工校对。,以上游技能输出为前置输入：PRD生成; 需求质量审查。,典型下游衔接：需求变更影响分析；开发需求解析；任务发起；产品-研发对齐摘要。,主要与这些技能形成边界：PRD生成；需求质量审查；需求变更影响分析；开发需求解析。,4
协同交接,产品到测试,验收统一,验收标准生成,acceptance-criteria-generation,生成功能、异常、权限、数据一致性验收清单,直接出结果,P0,是,需求拆解; 业务规则抽取; 需求质量审查,在协同交接-产品到测试环节，围绕“生成功能、异常、权限、数据一致性验收清单”提供以草稿、清单、结构化结果为主。,止于跨角色交接、同步与反馈，不替代产品、研发、测试各自的专业产出。,负责生成初稿、清单、说明或文档，不保证可直接上线/发布，仍需人工校对。,以上游技能输出为前置输入：需求拆解; 业务规则抽取; 需求质量审查。,典型下游衔接：需求变更影响分析；测试点生成；测试用例生成；冒烟测试清单生成；数据一致性检查项生成；权限测试点生成 等。,主要与这些技能形成边界：需求拆解；业务规则抽取；需求质量审查；需求变更影响分析。,9
协同交接,变更管理,影响分析,需求变更影响分析,requirement-change-impact-analysis,分析需求变更对研发、测试和版本范围的影响,辅助决策,P1,否,需求交接包生成; 开发任务拆分; 验收标准生成,在协同交接-变更管理环节，围绕“分析需求变更对研发、测试和版本范围的影响”提供以判断依据、风险提示、建议为主。,止于跨角色交接、同步与反馈，不替代产品、研发、测试各自的专业产出。,负责提出建议、解释现象或定位问题，不直接修改系统、代码或流程。,以上游技能输出为前置输入：需求交接包生成; 开发任务拆分; 验收标准生成。,典型下游衔接：需求变更同步；风险项提取。,同一子域相邻技能：需求变更同步。,2
协同交接,变更管理,同步输出,需求变更同步,requirement-change-sync,生成面向相关方的变更说明和回归提醒,直接出结果,P1,否,需求变更影响分析,在协同交接-变更管理环节，围绕“生成面向相关方的变更说明和回归提醒”提供以草稿、清单、结构化结果为主。,止于跨角色交接、同步与反馈，不替代产品、研发、测试各自的专业产出。,负责生成初稿、清单、说明或文档，不保证可直接上线/发布，仍需人工校对。,以上游技能输出为前置输入：需求变更影响分析。,无明确下游依赖；更适合作为独立分析节点或被人工消费。,同一子域相邻技能：需求变更影响分析。,0
协同交接,研发反馈,回传输出,研发反馈回传,engineering-feedback-return,将技术限制、工期与风险反馈给产品,直接出结果,P1,否,开发需求解析; 技术方案分析,在协同交接-研发反馈环节，围绕“将技术限制、工期与风险反馈给产品”提供以草稿、清单、结构化结果为主。,止于跨角色交接、同步与反馈，不替代产品、研发、测试各自的专业产出。,负责提炼现状与差异，帮助理解，不替代最终决策或正式排期。,以上游技能输出为前置输入：开发需求解析; 技术方案分析。,无明确下游依赖；更适合作为独立分析节点或被人工消费。,主要与这些技能形成边界：开发需求解析；技术方案分析。,0
技术方案设计,研发理解,技术翻译,开发需求解析,engineering-requirement-parsing,把产品语言翻译成研发实现语言,帮助理解,P0,是,需求交接包生成; 需求质量审查,在技术方案设计-研发理解环节，围绕“把产品语言翻译成研发实现语言”提供以解释、识别、归因为主。,止于方案、接口、数据与任务设计，不进入代码编写、测试执行和发布落地。,负责解释、识别和归因，不直接输出最终交付物。,以上游技能输出为前置输入：需求交接包生成; 需求质量审查。,典型下游衔接：研发反馈回传；接口意图抽取；技术方案分析；接口设计建议；表结构设计建议；产品-研发对齐摘要。,同一子域相邻技能：接口意图抽取。,6
技术方案设计,研发理解,接口意图,接口意图抽取,api-intent-extraction,抽取接口目标、入参、出参和错误分支,直接出结果,P1,否,开发需求解析,在技术方案设计-研发理解环节，围绕“抽取接口目标、入参、出参和错误分支”提供以草稿、清单、结构化结果为主。,止于方案、接口、数据与任务设计，不进入代码编写、测试执行和发布落地。,负责从现有材料中抽出结构化信息，不补充输入中不存在的业务承诺。,以上游技能输出为前置输入：开发需求解析。,典型下游衔接：技术方案分析；接口设计建议。,同一子域相邻技能：开发需求解析。,2
技术方案设计,方案输出,方案生成,技术方案分析,technical-solution-analysis,根据需求生成实现思路、模块边界和风险点,辅助决策,P0,是,开发需求解析; 接口意图抽取,在技术方案设计-方案输出环节，围绕“根据需求生成实现思路、模块边界和风险点”提供以判断依据、风险提示、建议为主。,止于方案、接口、数据与任务设计，不进入代码编写、测试执行和发布落地。,负责生成初稿、清单、说明或文档，不保证可直接上线/发布，仍需人工校对。,以上游技能输出为前置输入：开发需求解析; 接口意图抽取。,典型下游衔接：研发反馈回传；技术方案初稿生成；方案评审问题生成；模块边界识别；服务拆分建议；接口设计建议 等。,同一子域相邻技能：技术方案初稿生成。,21
技术方案设计,方案输出,初稿生成,技术方案初稿生成,technical-solution-draft-generation,直接输出技术方案草稿,直接出结果,P1,否,技术方案分析,在技术方案设计-方案输出环节，围绕“直接输出技术方案草稿”提供以草稿、清单、结构化结果为主。,止于方案、接口、数据与任务设计，不进入代码编写、测试执行和发布落地。,负责生成初稿、清单、说明或文档，不保证可直接上线/发布，仍需人工校对。,以上游技能输出为前置输入：技术方案分析。,无明确下游依赖；更适合作为独立分析节点或被人工消费。,同一子域相邻技能：技术方案分析。,0
技术方案设计,方案评审,评审清单,方案评审问题生成,solution-review-question-generation,给技术评审生成问题清单和关注点,直接出结果,P1,否,技术方案分析,在技术方案设计-方案评审环节，围绕“给技术评审生成问题清单和关注点”提供以草稿、清单、结构化结果为主。,止于方案、接口、数据与任务设计，不进入代码编写、测试执行和发布落地。,负责生成初稿、清单、说明或文档，不保证可直接上线/发布，仍需人工校对。,以上游技能输出为前置输入：技术方案分析。,无明确下游依赖；更适合作为独立分析节点或被人工消费。,主要与这些技能形成边界：技术方案分析。,0
技术方案设计,架构拆分,边界识别,模块边界识别,module-boundary-identification,识别系统边界、职责边界和上下游关系,帮助理解,P1,否,技术方案分析,在技术方案设计-架构拆分环节，围绕“识别系统边界、职责边界和上下游关系”提供以解释、识别、归因为主。,止于方案、接口、数据与任务设计，不进入代码编写、测试执行和发布落地。,负责从现有材料中抽出结构化信息，不补充输入中不存在的业务承诺。,以上游技能输出为前置输入：技术方案分析。,典型下游衔接：服务拆分建议。,同一子域相邻技能：服务拆分建议。,1
技术方案设计,架构拆分,服务建议,服务拆分建议,service-decomposition-recommendation,给出服务拆分、模块拆分和职责划分建议,辅助决策,P1,否,模块边界识别; 技术方案分析,在技术方案设计-架构拆分环节，围绕“给出服务拆分、模块拆分和职责划分建议”提供以判断依据、风险提示、建议为主。,止于方案、接口、数据与任务设计，不进入代码编写、测试执行和发布落地。,负责拆成可执行单元和依赖关系，不负责后续详细设计、编码或测试落地。,以上游技能输出为前置输入：模块边界识别; 技术方案分析。,无明确下游依赖；更适合作为独立分析节点或被人工消费。,同一子域相邻技能：模块边界识别。,0
技术方案设计,API设计,接口设计,接口设计建议,api-design-recommendation,生成接口设计建议、方法、路径和返回结构,直接出结果,P1,否,开发需求解析; 接口意图抽取; 技术方案分析,在技术方案设计-API设计环节，围绕“生成接口设计建议、方法、路径和返回结构”提供以草稿、清单、结构化结果为主。,止于方案、接口、数据与任务设计，不进入代码编写、测试执行和发布落地。,负责生成初稿、清单、说明或文档，不保证可直接上线/发布，仍需人工校对。,以上游技能输出为前置输入：开发需求解析; 接口意图抽取; 技术方案分析。,典型下游衔接：API规范检查；API错误码设计；Controller草稿生成；Service草稿生成；DTO/VO生成；枚举定义生成 等。,同一子域相邻技能：API规范检查；API错误码设计。,9
技术方案设计,API设计,规范校验,API规范检查,api-spec-compliance-check,检查命名、状态码、幂等、分页和鉴权规范,辅助决策,P1,否,接口设计建议,在技术方案设计-API设计环节，围绕“检查命名、状态码、幂等、分页和鉴权规范”提供以判断依据、风险提示、建议为主。,止于方案、接口、数据与任务设计，不进入代码编写、测试执行和发布落地。,负责按规范或规则核查并指出问题，不自动修复或代替负责人签字。,以上游技能输出为前置输入：接口设计建议。,无明确下游依赖；更适合作为独立分析节点或被人工消费。,同一子域相邻技能：接口设计建议；API错误码设计。,0
技术方案设计,API设计,错误口径,API错误码设计,api-error-code-design,输出错误码和错误语义建议,直接出结果,P2,否,接口设计建议,在技术方案设计-API设计环节，围绕“输出错误码和错误语义建议”提供以草稿、清单、结构化结果为主。,止于方案、接口、数据与任务设计，不进入代码编写、测试执行和发布落地。,负责生成初稿、清单、说明或文档，不保证可直接上线/发布，仍需人工校对。,以上游技能输出为前置输入：接口设计建议。,典型下游衔接：异常类生成。,同一子域相邻技能：接口设计建议；API规范检查。,1
技术方案设计,数据设计,表结构设计,表结构设计建议,table-schema-design-recommendation,给出表、字段、关系和约束建议,直接出结果,P1,否,开发需求解析; 技术方案分析,在技术方案设计-数据设计环节，围绕“给出表、字段、关系和约束建议”提供以草稿、清单、结构化结果为主。,止于方案、接口、数据与任务设计，不进入代码编写、测试执行和发布落地。,负责提出建议、解释现象或定位问题，不直接修改系统、代码或流程。,以上游技能输出为前置输入：开发需求解析; 技术方案分析。,典型下游衔接：索引设计建议；数据流梳理；性能风险分析；代码骨架生成；Repository草稿生成；SQL草稿生成 等。,同一子域相邻技能：索引设计建议；数据流梳理。,7
技术方案设计,数据设计,索引设计,索引设计建议,index-design-recommendation,给出唯一索引、联合索引和查询索引建议,辅助决策,P1,否,表结构设计建议,在技术方案设计-数据设计环节，围绕“给出唯一索引、联合索引和查询索引建议”提供以判断依据、风险提示、建议为主。,止于方案、接口、数据与任务设计，不进入代码编写、测试执行和发布落地。,负责提出建议、解释现象或定位问题，不直接修改系统、代码或流程。,以上游技能输出为前置输入：表结构设计建议。,典型下游衔接：查询优化建议。,同一子域相邻技能：表结构设计建议；数据流梳理。,1
技术方案设计,数据设计,数据流分析,数据流梳理,data-flow-mapping,分析创建、变更、同步和消费链路,帮助理解,P1,否,技术方案分析; 表结构设计建议,在技术方案设计-数据设计环节，围绕“分析创建、变更、同步和消费链路”提供以解释、识别、归因为主。,止于方案、接口、数据与任务设计，不进入代码编写、测试执行和发布落地。,负责组织关系、流转和链路，不直接输出最终设计裁决或执行动作。,以上游技能输出为前置输入：技术方案分析; 表结构设计建议。,典型下游衔接：依赖识别；数据一致性检查项生成。,同一子域相邻技能：表结构设计建议；索引设计建议。,2
技术方案设计,高级设计,并发控制,并发控制建议,concurrency-control-recommendation,识别锁、队列、版本号等并发处理方案,辅助决策,P1,否,技术方案分析; 需求漏洞扫描,在技术方案设计-高级设计环节，围绕“识别锁、队列、版本号等并发处理方案”提供以判断依据、风险提示、建议为主。,止于方案、接口、数据与任务设计，不进入代码编写、测试执行和发布落地。,负责从现有材料中抽出结构化信息，不补充输入中不存在的业务承诺。,以上游技能输出为前置输入：技术方案分析; 需求漏洞扫描。,典型下游衔接：线程安全风险检查。,同一子域相邻技能：幂等设计建议；审计留痕设计；权限模型设计。,1
技术方案设计,高级设计,幂等设计,幂等设计建议,idempotency-design-recommendation,识别重复提交、重试和消息消费幂等处理,辅助决策,P1,否,技术方案分析; 需求漏洞扫描,在技术方案设计-高级设计环节，围绕“识别重复提交、重试和消息消费幂等处理”提供以判断依据、风险提示、建议为主。,止于方案、接口、数据与任务设计，不进入代码编写、测试执行和发布落地。,负责从现有材料中抽出结构化信息，不补充输入中不存在的业务承诺。,以上游技能输出为前置输入：技术方案分析; 需求漏洞扫描。,典型下游衔接：幂等测试点生成。,同一子域相邻技能：并发控制建议；审计留痕设计；权限模型设计。,1
技术方案设计,高级设计,审计设计,审计留痕设计,audit-trail-design,规划日志、操作记录和变更留痕,辅助决策,P1,否,技术方案分析,在技术方案设计-高级设计环节，围绕“规划日志、操作记录和变更留痕”提供以判断依据、风险提示、建议为主。,止于方案、接口、数据与任务设计，不进入代码编写、测试执行和发布落地。,负责支撑记忆、审计或模板复用，不直接完成业务任务。,以上游技能输出为前置输入：技术方案分析。,无明确下游依赖；更适合作为独立分析节点或被人工消费。,同一子域相邻技能：并发控制建议；幂等设计建议；权限模型设计。,0
技术方案设计,高级设计,权限设计,权限模型设计,authorization-model-design,设计角色、资源、动作与约束关系,辅助决策,P1,否,权限矩阵提取; 技术方案分析,在技术方案设计-高级设计环节，围绕“设计角色、资源、动作与约束关系”提供以判断依据、风险提示、建议为主。,止于方案、接口、数据与任务设计，不进入代码编写、测试执行和发布落地。,负责给出判断依据和建议，不替代最终负责人拍板。,以上游技能输出为前置输入：权限矩阵提取; 技术方案分析。,无明确下游依赖；更适合作为独立分析节点或被人工消费。,同一子域相邻技能：并发控制建议；幂等设计建议；审计留痕设计。,0
技术方案设计,非功能设计,性能分析,性能风险分析,performance-risk-analysis,提前识别热点、瓶颈和容量风险,辅助决策,P1,否,技术方案分析; 表结构设计建议,在技术方案设计-非功能设计环节，围绕“提前识别热点、瓶颈和容量风险”提供以判断依据、风险提示、建议为主。,止于方案、接口、数据与任务设计，不进入代码编写、测试执行和发布落地。,负责从现有材料中抽出结构化信息，不补充输入中不存在的业务承诺。,以上游技能输出为前置输入：技术方案分析; 表结构设计建议。,典型下游衔接：性能测试场景生成。,同一子域相邻技能：安全风险分析。,1
技术方案设计,非功能设计,安全分析,安全风险分析,security-risk-analysis,识别注入、越权、敏感数据泄露等问题,辅助决策,P1,否,技术方案分析; 需求漏洞扫描,在技术方案设计-非功能设计环节，围绕“识别注入、越权、敏感数据泄露等问题”提供以判断依据、风险提示、建议为主。,止于方案、接口、数据与任务设计，不进入代码编写、测试执行和发布落地。,负责从现有材料中抽出结构化信息，不补充输入中不存在的业务承诺。,以上游技能输出为前置输入：技术方案分析; 需求漏洞扫描。,无明确下游依赖；更适合作为独立分析节点或被人工消费。,同一子域相邻技能：性能风险分析。,0
技术方案设计,任务管理,任务拆分,开发任务拆分,development-task-breakdown,将方案拆成研发执行任务和依赖关系,直接出结果,P0,是,技术方案分析,在技术方案设计-任务管理环节，围绕“将方案拆成研发执行任务和依赖关系”提供以草稿、清单、结构化结果为主。,止于方案、接口、数据与任务设计，不进入代码编写、测试执行和发布落地。,负责拆成可执行单元和依赖关系，不负责后续详细设计、编码或测试落地。,以上游技能输出为前置输入：技术方案分析。,典型下游衔接：需求变更影响分析；工时估算辅助；依赖识别；Diff风险点评审；PR描述生成；回归测试清单生成 等。,同一子域相邻技能：工时估算辅助；依赖识别。,9
技术方案设计,任务管理,工时辅助,工时估算辅助,effort-estimation-assistant,给出任务粗估和影响因子,辅助决策,P1,否,开发任务拆分; 需求可执行性检查,在技术方案设计-任务管理环节，围绕“给出任务粗估和影响因子”提供以判断依据、风险提示、建议为主。,止于方案、接口、数据与任务设计，不进入代码编写、测试执行和发布落地。,负责给出评估依据、估计或排序建议，不替代负责人最终拍板。,以上游技能输出为前置输入：开发任务拆分; 需求可执行性检查。,无明确下游依赖；更适合作为独立分析节点或被人工消费。,同一子域相邻技能：开发任务拆分；依赖识别。,0
技术方案设计,任务管理,依赖识别,依赖识别,dependency-identification,识别跨系统、跨团队和数据依赖,帮助理解,P1,否,开发任务拆分; 数据流梳理,在技术方案设计-任务管理环节，围绕“识别跨系统、跨团队和数据依赖”提供以解释、识别、归因为主。,止于方案、接口、数据与任务设计，不进入代码编写、测试执行和发布落地。,负责从现有材料中抽出结构化信息，不补充输入中不存在的业务承诺。,以上游技能输出为前置输入：开发任务拆分; 数据流梳理。,无明确下游依赖；更适合作为独立分析节点或被人工消费。,同一子域相邻技能：开发任务拆分；工时估算辅助。,0
编码与实现,脚手架生成,工程起步,代码骨架生成,code-scaffold-generation,生成模块基础结构和通用模板,直接出结果,P1,否,技术方案分析; 表结构设计建议,在编码与实现-脚手架生成环节，围绕“生成模块基础结构和通用模板”提供以草稿、清单、结构化结果为主。,止于代码草稿、质量检查与协同文案，不负责测试结论、发布动作和线上处置。,负责生成初稿、清单、说明或文档，不保证可直接上线/发布，仍需人工校对。,以上游技能输出为前置输入：技术方案分析; 表结构设计建议。,典型下游衔接：Controller草稿生成；Service草稿生成；Repository草稿生成；代码规范检查。,同一子域相邻技能：Controller草稿生成；Service草稿生成；Repository草稿生成。,4
编码与实现,脚手架生成,接口层,Controller草稿生成,controller-draft-generation,生成控制器初稿,直接出结果,P1,否,代码骨架生成; 接口设计建议,在编码与实现-脚手架生成环节，围绕“生成控制器初稿”提供以草稿、清单、结构化结果为主。,止于代码草稿、质量检查与协同文案，不负责测试结论、发布动作和线上处置。,负责生成初稿、清单、说明或文档，不保证可直接上线/发布，仍需人工校对。,以上游技能输出为前置输入：代码骨架生成; 接口设计建议。,无明确下游依赖；更适合作为独立分析节点或被人工消费。,同一子域相邻技能：代码骨架生成；Service草稿生成；Repository草稿生成。,0
编码与实现,脚手架生成,业务层,Service草稿生成,service-draft-generation,生成 Service 层方法草稿,直接出结果,P1,否,代码骨架生成; 接口设计建议,在编码与实现-脚手架生成环节，围绕“生成 Service 层方法草稿”提供以草稿、清单、结构化结果为主。,止于代码草稿、质量检查与协同文案，不负责测试结论、发布动作和线上处置。,负责生成初稿、清单、说明或文档，不保证可直接上线/发布，仍需人工校对。,以上游技能输出为前置输入：代码骨架生成; 接口设计建议。,典型下游衔接：空指针/异常风险识别；事务边界检查；线程安全风险检查；代码规范检查。,同一子域相邻技能：代码骨架生成；Controller草稿生成；Repository草稿生成。,4
编码与实现,脚手架生成,数据层,Repository草稿生成,repository-draft-generation,生成数据访问层基础代码,直接出结果,P2,否,代码骨架生成; 表结构设计建议,在编码与实现-脚手架生成环节，围绕“生成数据访问层基础代码”提供以草稿、清单、结构化结果为主。,止于代码草稿、质量检查与协同文案，不负责测试结论、发布动作和线上处置。,负责生成初稿、清单、说明或文档，不保证可直接上线/发布，仍需人工校对。,以上游技能输出为前置输入：代码骨架生成; 表结构设计建议。,无明确下游依赖；更适合作为独立分析节点或被人工消费。,同一子域相邻技能：代码骨架生成；Controller草稿生成；Service草稿生成。,0
编码与实现,代码生成,数据传输,DTO/VO生成,dto-vo-generation,生成数据传输对象与返回对象,直接出结果,P2,否,接口设计建议,在编码与实现-代码生成环节，围绕“生成数据传输对象与返回对象”提供以草稿、清单、结构化结果为主。,止于代码草稿、质量检查与协同文案，不负责测试结论、发布动作和线上处置。,负责生成初稿、清单、说明或文档，不保证可直接上线/发布，仍需人工校对。,以上游技能输出为前置输入：接口设计建议。,典型下游衔接：接口文档生成。,同一子域相邻技能：枚举定义生成；校验器代码生成；异常类生成。,1
编码与实现,代码生成,枚举常量,枚举定义生成,enum-definition-generation,生成状态枚举、错误枚举和类型枚举,直接出结果,P2,否,业务规则抽取; 接口设计建议,在编码与实现-代码生成环节，围绕“生成状态枚举、错误枚举和类型枚举”提供以草稿、清单、结构化结果为主。,止于代码草稿、质量检查与协同文案，不负责测试结论、发布动作和线上处置。,负责生成初稿、清单、说明或文档，不保证可直接上线/发布，仍需人工校对。,以上游技能输出为前置输入：业务规则抽取; 接口设计建议。,无明确下游依赖；更适合作为独立分析节点或被人工消费。,同一子域相邻技能：DTO/VO生成；校验器代码生成；异常类生成。,0
编码与实现,代码生成,校验逻辑,校验器代码生成,validator-code-generation,生成参数校验与业务校验草稿,直接出结果,P2,否,接口设计建议; 业务规则抽取,在编码与实现-代码生成环节，围绕“生成参数校验与业务校验草稿”提供以草稿、清单、结构化结果为主。,止于代码草稿、质量检查与协同文案，不负责测试结论、发布动作和线上处置。,负责生成初稿、清单、说明或文档，不保证可直接上线/发布，仍需人工校对。,以上游技能输出为前置输入：接口设计建议; 业务规则抽取。,无明确下游依赖；更适合作为独立分析节点或被人工消费。,同一子域相邻技能：DTO/VO生成；枚举定义生成；异常类生成。,0
编码与实现,代码生成,异常体系,异常类生成,exception-class-generation,生成异常定义与继承结构,直接出结果,P2,否,API错误码设计,在编码与实现-代码生成环节，围绕“生成异常定义与继承结构”提供以草稿、清单、结构化结果为主。,止于代码草稿、质量检查与协同文案，不负责测试结论、发布动作和线上处置。,负责生成初稿、清单、说明或文档，不保证可直接上线/发布，仍需人工校对。,以上游技能输出为前置输入：API错误码设计。,无明确下游依赖；更适合作为独立分析节点或被人工消费。,同一子域相邻技能：DTO/VO生成；枚举定义生成；校验器代码生成。,0
编码与实现,数据实现,SQL草稿,SQL草稿生成,sql-draft-generation,根据需求或查询目标生成 SQL 初稿,直接出结果,P1,否,表结构设计建议,在编码与实现-数据实现环节，围绕“根据需求或查询目标生成 SQL 初稿”提供以草稿、清单、结构化结果为主。,止于代码草稿、质量检查与协同文案，不负责测试结论、发布动作和线上处置。,负责生成初稿、清单、说明或文档，不保证可直接上线/发布，仍需人工校对。,以上游技能输出为前置输入：表结构设计建议。,典型下游衔接：查询优化建议。,同一子域相邻技能：查询优化建议。,1
编码与实现,数据实现,查询优化,查询优化建议,query-optimization-recommendation,分析慢查、全表扫和索引使用问题,辅助决策,P1,否,SQL草稿生成; 索引设计建议,在编码与实现-数据实现环节，围绕“分析慢查、全表扫和索引使用问题”提供以判断依据、风险提示、建议为主。,止于代码草稿、质量检查与协同文案，不负责测试结论、发布动作和线上处置。,负责提出建议、解释现象或定位问题，不直接修改系统、代码或流程。,以上游技能输出为前置输入：SQL草稿生成; 索引设计建议。,无明确下游依赖；更适合作为独立分析节点或被人工消费。,同一子域相邻技能：SQL草稿生成。,0
编码与实现,代码质量,重构建议,重构建议,refactoring-recommendation,识别结构冗余、职责不清和重复实现,帮助理解,P1,否,代码规范检查,在编码与实现-代码质量环节，围绕“识别结构冗余、职责不清和重复实现”提供以解释、识别、归因为主。,止于代码草稿、质量检查与协同文案，不负责测试结论、发布动作和线上处置。,负责从现有材料中抽出结构化信息，不补充输入中不存在的业务承诺。,以上游技能输出为前置输入：代码规范检查。,无明确下游依赖；更适合作为独立分析节点或被人工消费。,同一子域相邻技能：命名优化建议；低质量代码识别；重复代码检测；空指针/异常风险识别 等。,0
编码与实现,代码质量,命名优化,命名优化建议,naming-optimization-recommendation,优化类、方法和变量命名,帮助理解,P2,否,代码规范检查,在编码与实现-代码质量环节，围绕“优化类、方法和变量命名”提供以解释、识别、归因为主。,止于代码草稿、质量检查与协同文案，不负责测试结论、发布动作和线上处置。,负责提出建议、解释现象或定位问题，不直接修改系统、代码或流程。,以上游技能输出为前置输入：代码规范检查。,无明确下游依赖；更适合作为独立分析节点或被人工消费。,同一子域相邻技能：重构建议；低质量代码识别；重复代码检测；空指针/异常风险识别 等。,0
编码与实现,代码质量,低质量识别,低质量代码识别,low-quality-code-detection,识别难维护、高耦合和冗余逻辑,帮助理解,P1,否,代码规范检查,在编码与实现-代码质量环节，围绕“识别难维护、高耦合和冗余逻辑”提供以解释、识别、归因为主。,止于代码草稿、质量检查与协同文案，不负责测试结论、发布动作和线上处置。,负责从现有材料中抽出结构化信息，不补充输入中不存在的业务承诺。,以上游技能输出为前置输入：代码规范检查。,无明确下游依赖；更适合作为独立分析节点或被人工消费。,同一子域相邻技能：重构建议；命名优化建议；重复代码检测；空指针/异常风险识别 等。,0
编码与实现,代码质量,重复代码,重复代码检测,duplicate-code-detection,找出相似逻辑和可抽取部分,辅助查看,P1,否,代码规范检查,在编码与实现-代码质量环节，围绕“找出相似逻辑和可抽取部分”提供以汇总、归类、展示为主。,止于代码草稿、质量检查与协同文案，不负责测试结论、发布动作和线上处置。,负责从现有材料中抽出结构化信息，不补充输入中不存在的业务承诺。,以上游技能输出为前置输入：代码规范检查。,无明确下游依赖；更适合作为独立分析节点或被人工消费。,同一子域相邻技能：重构建议；命名优化建议；低质量代码识别；空指针/异常风险识别 等。,0
编码与实现,代码质量,风险检查,空指针/异常风险识别,null-exception-risk-detection,识别异常处理遗漏和潜在崩溃点,辅助决策,P1,否,Service草稿生成; 代码规范检查,在编码与实现-代码质量环节，围绕“识别异常处理遗漏和潜在崩溃点”提供以判断依据、风险提示、建议为主。,止于代码草稿、质量检查与协同文案，不负责测试结论、发布动作和线上处置。,负责从现有材料中抽出结构化信息，不补充输入中不存在的业务承诺。,以上游技能输出为前置输入：Service草稿生成; 代码规范检查。,无明确下游依赖；更适合作为独立分析节点或被人工消费。,同一子域相邻技能：重构建议；命名优化建议；低质量代码识别；重复代码检测 等。,0
编码与实现,代码质量,事务检查,事务边界检查,transaction-boundary-check,检查事务范围、回滚策略和嵌套问题,辅助决策,P1,否,Service草稿生成; 技术方案分析,在编码与实现-代码质量环节，围绕“检查事务范围、回滚策略和嵌套问题”提供以判断依据、风险提示、建议为主。,止于代码草稿、质量检查与协同文案，不负责测试结论、发布动作和线上处置。,负责按规范或规则核查并指出问题，不自动修复或代替负责人签字。,以上游技能输出为前置输入：Service草稿生成; 技术方案分析。,无明确下游依赖；更适合作为独立分析节点或被人工消费。,同一子域相邻技能：重构建议；命名优化建议；低质量代码识别；重复代码检测 等。,0
编码与实现,代码质量,线程安全,线程安全风险检查,thread-safety-risk-check,识别并发读写和共享状态风险,辅助决策,P1,否,Service草稿生成; 并发控制建议,在编码与实现-代码质量环节，围绕“识别并发读写和共享状态风险”提供以判断依据、风险提示、建议为主。,止于代码草稿、质量检查与协同文案，不负责测试结论、发布动作和线上处置。,负责从现有材料中抽出结构化信息，不补充输入中不存在的业务承诺。,以上游技能输出为前置输入：Service草稿生成; 并发控制建议。,无明确下游依赖；更适合作为独立分析节点或被人工消费。,同一子域相邻技能：重构建议；命名优化建议；低质量代码识别；重复代码检测 等。,0
编码与实现,代码质量,规范检查,代码规范检查,code-standard-check,检查代码风格、组织结构和团队规范一致性,辅助决策,P0,是,代码骨架生成; Service草稿生成,在编码与实现-代码质量环节，围绕“检查代码风格、组织结构和团队规范一致性”提供以判断依据、风险提示、建议为主。,止于代码草稿、质量检查与协同文案，不负责测试结论、发布动作和线上处置。,负责按规范或规则核查并指出问题，不自动修复或代替负责人签字。,以上游技能输出为前置输入：代码骨架生成; Service草稿生成。,典型下游衔接：重构建议；命名优化建议；低质量代码识别；重复代码检测；空指针/异常风险识别；Code Review评论生成 等。,同一子域相邻技能：重构建议；命名优化建议；低质量代码识别；重复代码检测 等。,10
编码与实现,Code Review,审查意见,Code Review评论生成,code-review-comment-generation,根据 diff 自动生成 review 评论,直接出结果,P1,否,代码规范检查,在编码与实现-Code Review环节，围绕“根据 diff 自动生成 review 评论”提供以草稿、清单、结构化结果为主。,止于代码草稿、质量检查与协同文案，不负责测试结论、发布动作和线上处置。,负责生成初稿、清单、说明或文档，不保证可直接上线/发布，仍需人工校对。,以上游技能输出为前置输入：代码规范检查。,典型下游衔接：PR描述生成。,同一子域相邻技能：Diff风险点评审。,1
编码与实现,Code Review,改动风险,Diff风险点评审,diff-risk-review,分析改动影响范围与高风险点,辅助决策,P1,否,代码规范检查; 开发任务拆分,在编码与实现-Code Review环节，围绕“分析改动影响范围与高风险点”提供以判断依据、风险提示、建议为主。,止于代码草稿、质量检查与协同文案，不负责测试结论、发布动作和线上处置。,负责汇总问题并给出审查意见或放行建议，不替代正式审批。,以上游技能输出为前置输入：代码规范检查; 开发任务拆分。,典型下游衔接：自动化测试触发建议；发布风险评估；Bug分析。,同一子域相邻技能：Code Review评论生成。,3
编码与实现,协同辅助,PR输出,PR描述生成,pull-request-description-generation,自动生成 Pull Request 描述,直接出结果,P1,否,开发任务拆分; Code Review评论生成,在编码与实现-协同辅助环节，围绕“自动生成 Pull Request 描述”提供以草稿、清单、结构化结果为主。,止于代码草稿、质量检查与协同文案，不负责测试结论、发布动作和线上处置。,负责生成初稿、清单、说明或文档，不保证可直接上线/发布，仍需人工校对。,以上游技能输出为前置输入：开发任务拆分; Code Review评论生成。,典型下游衔接：发布说明生成。,同一子域相邻技能：提交信息生成。,1
编码与实现,协同辅助,提交信息,提交信息生成,commit-message-generation,自动生成规范化 commit message,直接出结果,P2,否,无,在编码与实现-协同辅助环节，围绕“自动生成规范化 commit message”提供以草稿、清单、结构化结果为主。,止于代码草稿、质量检查与协同文案，不负责测试结论、发布动作和线上处置。,负责生成初稿、清单、说明或文档，不保证可直接上线/发布，仍需人工校对。,无强依赖；可直接基于原始输入材料启动。,无明确下游依赖；更适合作为独立分析节点或被人工消费。,同一子域相邻技能：PR描述生成。,0
测试与质量保障,测试设计,测试点,测试点生成,test-point-generation,根据需求输出测试关注点,直接出结果,P0,是,验收标准生成; 需求质量审查,在测试与质量保障-测试设计环节，围绕“根据需求输出测试关注点”提供以草稿、清单、结构化结果为主。,止于测试设计、门禁判断与缺陷处理，不直接修复代码或执行发布。,负责生成初稿、清单、说明或文档，不保证可直接上线/发布，仍需人工校对。,以上游技能输出为前置输入：验收标准生成; 需求质量审查。,典型下游衔接：测试用例生成；边界条件生成；异常场景生成。,同一子域相邻技能：测试用例生成；边界条件生成；异常场景生成。,3
测试与质量保障,测试设计,用例生成,测试用例生成,test-case-generation,自动生成正常流、异常流、边界流测试用例,直接出结果,P0,是,测试点生成; 验收标准生成,在测试与质量保障-测试设计环节，围绕“自动生成正常流、异常流、边界流测试用例”提供以草稿、清单、结构化结果为主。,止于测试设计、门禁判断与缺陷处理，不直接修复代码或执行发布。,负责生成初稿、清单、说明或文档，不保证可直接上线/发布，仍需人工校对。,以上游技能输出为前置输入：测试点生成; 验收标准生成。,典型下游衔接：回归测试清单生成；接口测试脚本生成；质量门禁检查。,同一子域相邻技能：测试点生成；边界条件生成；异常场景生成。,3
测试与质量保障,测试设计,边界生成,边界条件生成,boundary-condition-generation,生成金额、次数、时间等边界测试点,直接出结果,P1,否,测试点生成,在测试与质量保障-测试设计环节，围绕“生成金额、次数、时间等边界测试点”提供以草稿、清单、结构化结果为主。,止于测试设计、门禁判断与缺陷处理，不直接修复代码或执行发布。,负责生成初稿、清单、说明或文档，不保证可直接上线/发布，仍需人工校对。,以上游技能输出为前置输入：测试点生成。,无明确下游依赖；更适合作为独立分析节点或被人工消费。,同一子域相邻技能：测试点生成；测试用例生成；异常场景生成。,0
测试与质量保障,测试设计,异常生成,异常场景生成,exception-scenario-generation,生成失败路径、容错和回退场景,直接出结果,P1,否,测试点生成,在测试与质量保障-测试设计环节，围绕“生成失败路径、容错和回退场景”提供以草稿、清单、结构化结果为主。,止于测试设计、门禁判断与缺陷处理，不直接修复代码或执行发布。,负责生成初稿、清单、说明或文档，不保证可直接上线/发布，仍需人工校对。,以上游技能输出为前置输入：测试点生成。,无明确下游依赖；更适合作为独立分析节点或被人工消费。,同一子域相邻技能：测试点生成；测试用例生成；边界条件生成。,0
测试与质量保障,回归验证,回归清单,回归测试清单生成,regression-test-checklist-generation,生成版本回归范围与重点模块,直接出结果,P1,否,测试用例生成; 开发任务拆分,在测试与质量保障-回归验证环节，围绕“生成版本回归范围与重点模块”提供以草稿、清单、结构化结果为主。,止于测试设计、门禁判断与缺陷处理，不直接修复代码或执行发布。,负责生成初稿、清单、说明或文档，不保证可直接上线/发布，仍需人工校对。,以上游技能输出为前置输入：测试用例生成; 开发任务拆分。,典型下游衔接：自动化测试触发建议；质量门禁检查。,同一子域相邻技能：冒烟测试清单生成。,2
测试与质量保障,回归验证,冒烟清单,冒烟测试清单生成,smoke-test-checklist-generation,生成上线前最低必要验证项,直接出结果,P1,否,验收标准生成,在测试与质量保障-回归验证环节，围绕“生成上线前最低必要验证项”提供以草稿、清单、结构化结果为主。,止于测试设计、门禁判断与缺陷处理，不直接修复代码或执行发布。,负责生成初稿、清单、说明或文档，不保证可直接上线/发布，仍需人工校对。,以上游技能输出为前置输入：验收标准生成。,无明确下游依赖；更适合作为独立分析节点或被人工消费。,同一子域相邻技能：回归测试清单生成。,0
测试与质量保障,自动化测试,脚本辅助,接口测试脚本生成,api-test-script-generation,生成 API 测试脚本或测试请求样例,直接出结果,P2,否,测试用例生成; 接口设计建议,在测试与质量保障-自动化测试环节，围绕“生成 API 测试脚本或测试请求样例”提供以草稿、清单、结构化结果为主。,止于测试设计、门禁判断与缺陷处理，不直接修复代码或执行发布。,负责生成初稿、清单、说明或文档，不保证可直接上线/发布，仍需人工校对。,以上游技能输出为前置输入：测试用例生成; 接口设计建议。,无明确下游依赖；更适合作为独立分析节点或被人工消费。,同一子域相邻技能：自动化测试触发建议；自动化测试编排。,0
测试与质量保障,自动化测试,触发判断,自动化测试触发建议,test-automation-trigger-recommendation,根据改动类型建议跑哪些测试,辅助决策,P1,否,回归测试清单生成; Diff风险点评审,在测试与质量保障-自动化测试环节，围绕“根据改动类型建议跑哪些测试”提供以判断依据、风险提示、建议为主。,止于测试设计、门禁判断与缺陷处理，不直接修复代码或执行发布。,负责提出建议、解释现象或定位问题，不直接修改系统、代码或流程。,以上游技能输出为前置输入：回归测试清单生成; Diff风险点评审。,典型下游衔接：自动化测试编排；测试失败归因。,同一子域相邻技能：接口测试脚本生成；自动化测试编排。,2
测试与质量保障,自动化测试,流程编排,自动化测试编排,test-automation-orchestration,串联测试执行顺序和依赖,直接出结果,P2,否,自动化测试触发建议,在测试与质量保障-自动化测试环节，围绕“串联测试执行顺序和依赖”提供以草稿、清单、结构化结果为主。,止于测试设计、门禁判断与缺陷处理，不直接修复代码或执行发布。,负责流程控制、节点治理或资源管理，不替代被编排技能本身的专业输出。,以上游技能输出为前置输入：自动化测试触发建议。,无明确下游依赖；更适合作为独立分析节点或被人工消费。,同一子域相邻技能：接口测试脚本生成；自动化测试触发建议。,0
测试与质量保障,结果分析,失败归因,测试失败归因,test-failure-attribution,根据失败日志和上下文判断问题归属,帮助理解,P1,否,自动化测试触发建议; 日志分析; Bug分析,在测试与质量保障-结果分析环节，围绕“根据失败日志和上下文判断问题归属”提供以解释、识别、归因为主。,止于测试设计、门禁判断与缺陷处理，不直接修复代码或执行发布。,负责提出建议、解释现象或定位问题，不直接修改系统、代码或流程。,以上游技能输出为前置输入：自动化测试触发建议; 日志分析; Bug分析。,典型下游衔接：缺陷分类；缺陷复现步骤整理；测试-研发对齐摘要。,主要与这些技能形成边界：自动化测试触发建议；日志分析；Bug分析；缺陷分类。,3
测试与质量保障,缺陷管理,缺陷分类,缺陷分类,defect-classification,按功能、性能、权限和稳定性分类缺陷,直接出结果,P2,否,测试失败归因,在测试与质量保障-缺陷管理环节，围绕“按功能、性能、权限和稳定性分类缺陷”提供以草稿、清单、结构化结果为主。,止于测试设计、门禁判断与缺陷处理，不直接修复代码或执行发布。,负责产出可复用草稿或结构化结果，不直接执行落地。,以上游技能输出为前置输入：测试失败归因。,典型下游衔接：缺陷严重级别评估。,同一子域相邻技能：缺陷严重级别评估；缺陷复现步骤整理。,1
测试与质量保障,缺陷管理,严重度判断,缺陷严重级别评估,defect-severity-assessment,判断缺陷优先级和业务影响,辅助决策,P2,否,缺陷分类,在测试与质量保障-缺陷管理环节，围绕“判断缺陷优先级和业务影响”提供以判断依据、风险提示、建议为主。,止于测试设计、门禁判断与缺陷处理，不直接修复代码或执行发布。,负责给出评估依据、估计或排序建议，不替代负责人最终拍板。,以上游技能输出为前置输入：缺陷分类。,无明确下游依赖；更适合作为独立分析节点或被人工消费。,同一子域相邻技能：缺陷分类；缺陷复现步骤整理。,0
测试与质量保障,缺陷管理,复现整理,缺陷复现步骤整理,defect-reproduction-steps-generation,生成标准化复现步骤,直接出结果,P1,否,测试失败归因,在测试与质量保障-缺陷管理环节，围绕“生成标准化复现步骤”提供以草稿、清单、结构化结果为主。,止于测试设计、门禁判断与缺陷处理，不直接修复代码或执行发布。,负责生成初稿、清单、说明或文档，不保证可直接上线/发布，仍需人工校对。,以上游技能输出为前置输入：测试失败归因。,无明确下游依赖；更适合作为独立分析节点或被人工消费。,同一子域相邻技能：缺陷分类；缺陷严重级别评估。,0
测试与质量保障,质量门禁,门禁检查,质量门禁检查,quality-gate-check,基于规则判断是否可提测或上线,辅助决策,P1,否,测试用例生成; 回归测试清单生成; 代码规范检查,在测试与质量保障-质量门禁环节，围绕“基于规则判断是否可提测或上线”提供以判断依据、风险提示、建议为主。,止于测试设计、门禁判断与缺陷处理，不直接修复代码或执行发布。,负责按规范或规则核查并指出问题，不自动修复或代替负责人签字。,以上游技能输出为前置输入：测试用例生成; 回归测试清单生成; 代码规范检查。,典型下游衔接：上线前检查清单；发版检查清单；发布风险评估；门禁放行判断；质量评分引擎。,同一子域相邻技能：上线前检查清单。,5
测试与质量保障,质量门禁,上线前检查,上线前检查清单,pre-launch-checklist-generation,输出上线前必查项,直接出结果,P1,否,质量门禁检查,在测试与质量保障-质量门禁环节，围绕“输出上线前必查项”提供以草稿、清单、结构化结果为主。,止于测试设计、门禁判断与缺陷处理，不直接修复代码或执行发布。,负责生成初稿、清单、说明或文档，不保证可直接上线/发布，仍需人工校对。,以上游技能输出为前置输入：质量门禁检查。,无明确下游依赖；更适合作为独立分析节点或被人工消费。,同一子域相邻技能：质量门禁检查。,0
测试与质量保障,专项测试,数据一致性,数据一致性检查项生成,data-consistency-check-item-generation,生成数据同步、事务和一致性检查点,直接出结果,P1,否,验收标准生成; 数据流梳理,在测试与质量保障-专项测试环节，围绕“生成数据同步、事务和一致性检查点”提供以草稿、清单、结构化结果为主。,止于测试设计、门禁判断与缺陷处理，不直接修复代码或执行发布。,负责生成初稿、清单、说明或文档，不保证可直接上线/发布，仍需人工校对。,以上游技能输出为前置输入：验收标准生成; 数据流梳理。,无明确下游依赖；更适合作为独立分析节点或被人工消费。,同一子域相邻技能：权限测试点生成；并发测试点生成；幂等测试点生成；性能测试场景生成。,0
测试与质量保障,专项测试,权限测试,权限测试点生成,permission-test-point-generation,生成越权、角色限制和资源隔离测试点,直接出结果,P1,否,权限矩阵提取; 验收标准生成,在测试与质量保障-专项测试环节，围绕“生成越权、角色限制和资源隔离测试点”提供以草稿、清单、结构化结果为主。,止于测试设计、门禁判断与缺陷处理，不直接修复代码或执行发布。,负责生成初稿、清单、说明或文档，不保证可直接上线/发布，仍需人工校对。,以上游技能输出为前置输入：权限矩阵提取; 验收标准生成。,无明确下游依赖；更适合作为独立分析节点或被人工消费。,同一子域相邻技能：数据一致性检查项生成；并发测试点生成；幂等测试点生成；性能测试场景生成。,0
测试与质量保障,专项测试,并发测试,并发测试点生成,concurrency-test-point-generation,生成并发提交、重复点击和抢占场景测试点,直接出结果,P1,否,需求漏洞扫描; 验收标准生成,在测试与质量保障-专项测试环节，围绕“生成并发提交、重复点击和抢占场景测试点”提供以草稿、清单、结构化结果为主。,止于测试设计、门禁判断与缺陷处理，不直接修复代码或执行发布。,负责生成初稿、清单、说明或文档，不保证可直接上线/发布，仍需人工校对。,以上游技能输出为前置输入：需求漏洞扫描; 验收标准生成。,无明确下游依赖；更适合作为独立分析节点或被人工消费。,同一子域相邻技能：数据一致性检查项生成；权限测试点生成；幂等测试点生成；性能测试场景生成。,0
测试与质量保障,专项测试,幂等测试,幂等测试点生成,idempotency-test-point-generation,生成重复请求幂等验证点,直接出结果,P1,否,需求漏洞扫描; 幂等设计建议,在测试与质量保障-专项测试环节，围绕“生成重复请求幂等验证点”提供以草稿、清单、结构化结果为主。,止于测试设计、门禁判断与缺陷处理，不直接修复代码或执行发布。,负责生成初稿、清单、说明或文档，不保证可直接上线/发布，仍需人工校对。,以上游技能输出为前置输入：需求漏洞扫描; 幂等设计建议。,无明确下游依赖；更适合作为独立分析节点或被人工消费。,同一子域相邻技能：数据一致性检查项生成；权限测试点生成；并发测试点生成；性能测试场景生成。,0
测试与质量保障,专项测试,性能测试,性能测试场景生成,performance-test-scenario-generation,生成压测和容量验证场景,直接出结果,P1,否,性能风险分析; 技术方案分析,在测试与质量保障-专项测试环节，围绕“生成压测和容量验证场景”提供以草稿、清单、结构化结果为主。,止于测试设计、门禁判断与缺陷处理，不直接修复代码或执行发布。,负责生成初稿、清单、说明或文档，不保证可直接上线/发布，仍需人工校对。,以上游技能输出为前置输入：性能风险分析; 技术方案分析。,无明确下游依赖；更适合作为独立分析节点或被人工消费。,同一子域相邻技能：数据一致性检查项生成；权限测试点生成；并发测试点生成；幂等测试点生成。,0
发布与交付,发布准备,发布说明,发布说明生成,release-note-generation,生成版本变更说明与影响摘要,直接出结果,P0,是,开发任务拆分; PR描述生成,在发布与交付-发布准备环节，围绕“生成版本变更说明与影响摘要”提供以草稿、清单、结构化结果为主。,止于上线准备、检查、执行编排与验证，不深入线上故障根因定位与长期修复。,负责生成初稿、清单、说明或文档，不保证可直接上线/发布，仍需人工校对。,以上游技能输出为前置输入：开发任务拆分; PR描述生成。,典型下游衔接：发版检查清单；变更摘要生成；回滚预案生成；灰度发布建议；配置变更检查；发布任务编排 等。,同一子域相邻技能：发版检查清单；变更摘要生成；回滚预案生成。,7
发布与交付,发布准备,发版门禁,发版检查清单,release-checklist-generation,输出发版前检查项,直接出结果,P1,否,质量门禁检查; 发布说明生成,在发布与交付-发布准备环节，围绕“输出发版前检查项”提供以草稿、清单、结构化结果为主。,止于上线准备、检查、执行编排与验证，不深入线上故障根因定位与长期修复。,负责生成初稿、清单、说明或文档，不保证可直接上线/发布，仍需人工校对。,以上游技能输出为前置输入：质量门禁检查; 发布说明生成。,典型下游衔接：发布任务编排；门禁放行判断。,同一子域相邻技能：发布说明生成；变更摘要生成；回滚预案生成。,2
发布与交付,发布准备,变更摘要,变更摘要生成,change-summary-generation,汇总本次版本核心改动,直接出结果,P1,否,发布说明生成,在发布与交付-发布准备环节，围绕“汇总本次版本核心改动”提供以草稿、清单、结构化结果为主。,止于上线准备、检查、执行编排与验证，不深入线上故障根因定位与长期修复。,负责汇总、合并和归类输入，不做价值判断、优先级排序或正式方案定稿。,以上游技能输出为前置输入：发布说明生成。,无明确下游依赖；更适合作为独立分析节点或被人工消费。,同一子域相邻技能：发布说明生成；发版检查清单；回滚预案生成。,0
发布与交付,发布准备,回滚准备,回滚预案生成,rollback-plan-generation,生成版本失败后的回滚方案,直接出结果,P1,否,发布说明生成; 影响范围分析,在发布与交付-发布准备环节，围绕“生成版本失败后的回滚方案”提供以草稿、清单、结构化结果为主。,止于上线准备、检查、执行编排与验证，不深入线上故障根因定位与长期修复。,负责生成初稿、清单、说明或文档，不保证可直接上线/发布，仍需人工校对。,以上游技能输出为前置输入：发布说明生成; 影响范围分析。,无明确下游依赖；更适合作为独立分析节点或被人工消费。,同一子域相邻技能：发布说明生成；发版检查清单；变更摘要生成。,0
发布与交付,发布策略,灰度建议,灰度发布建议,canary-release-recommendation,建议灰度范围、顺序和观察项,辅助决策,P1,否,发布风险评估; 发布说明生成,在发布与交付-发布策略环节，围绕“建议灰度范围、顺序和观察项”提供以判断依据、风险提示、建议为主。,止于上线准备、检查、执行编排与验证，不深入线上故障根因定位与长期修复。,负责提出建议、解释现象或定位问题，不直接修改系统、代码或流程。,以上游技能输出为前置输入：发布风险评估; 发布说明生成。,无明确下游依赖；更适合作为独立分析节点或被人工消费。,同一子域相邻技能：发布风险评估。,0
发布与交付,发布策略,风险判断,发布风险评估,release-risk-assessment,识别高风险改动和上线风险,辅助决策,P1,否,Diff风险点评审; 质量门禁检查,在发布与交付-发布策略环节，围绕“识别高风险改动和上线风险”提供以判断依据、风险提示、建议为主。,止于上线准备、检查、执行编排与验证，不深入线上故障根因定位与长期修复。,负责给出评估依据、估计或排序建议，不替代负责人最终拍板。,以上游技能输出为前置输入：Diff风险点评审; 质量门禁检查。,典型下游衔接：灰度发布建议；版本范围裁剪建议。,同一子域相邻技能：灰度发布建议。,2
发布与交付,变更检查,配置检查,配置变更检查,configuration-change-check,检查环境配置和参数变更,帮助理解,P1,否,发布说明生成,在发布与交付-变更检查环节，围绕“检查环境配置和参数变更”提供以解释、识别、归因为主。,止于上线准备、检查、执行编排与验证，不深入线上故障根因定位与长期修复。,负责按规范或规则核查并指出问题，不自动修复或代替负责人签字。,以上游技能输出为前置输入：发布说明生成。,典型下游衔接：环境差异检查。,同一子域相邻技能：环境差异检查。,1
发布与交付,变更检查,环境差异,环境差异检查,environment-difference-check,对比测试、预发和线上配置差异,辅助查看,P1,否,配置变更检查,在发布与交付-变更检查环节，围绕“对比测试、预发和线上配置差异”提供以汇总、归类、展示为主。,止于上线准备、检查、执行编排与验证，不深入线上故障根因定位与长期修复。,负责按规范或规则核查并指出问题，不自动修复或代替负责人签字。,以上游技能输出为前置输入：配置变更检查。,无明确下游依赖；更适合作为独立分析节点或被人工消费。,同一子域相邻技能：配置变更检查。,0
发布与交付,发布执行,发布任务,发布任务编排,release-task-orchestration,串联上线动作顺序和责任人,直接出结果,P2,否,发版检查清单; 发布说明生成,在发布与交付-发布执行环节，围绕“串联上线动作顺序和责任人”提供以草稿、清单、结构化结果为主。,止于上线准备、检查、执行编排与验证，不深入线上故障根因定位与长期修复。,负责流程控制、节点治理或资源管理，不替代被编排技能本身的专业输出。,以上游技能输出为前置输入：发版检查清单; 发布说明生成。,典型下游衔接：部署文档生成。,主要与这些技能形成边界：发版检查清单；发布说明生成；部署文档生成。,1
发布与交付,发布验证,发布验证,发布后验证清单,post-release-validation-checklist,生成上线后检查与验收动作,直接出结果,P1,否,验收标准生成; 发布说明生成,在发布与交付-发布验证环节，围绕“生成上线后检查与验收动作”提供以草稿、清单、结构化结果为主。,止于上线准备、检查、执行编排与验证，不深入线上故障根因定位与长期修复。,负责生成初稿、清单、说明或文档，不保证可直接上线/发布，仍需人工校对。,以上游技能输出为前置输入：验收标准生成; 发布说明生成。,典型下游衔接：上线验收辅助；监控指标解读；日志分析。,同一子域相邻技能：上线验收辅助。,3
发布与交付,发布验证,上线验收,上线验收辅助,go-live-acceptance-assistant,汇总上线效果与问题确认项,帮助理解,P1,否,发布后验证清单,在发布与交付-发布验证环节，围绕“汇总上线效果与问题确认项”提供以解释、识别、归因为主。,止于上线准备、检查、执行编排与验证，不深入线上故障根因定位与长期修复。,负责汇总、合并和归类输入，不做价值判断、优先级排序或正式方案定稿。,以上游技能输出为前置输入：发布后验证清单。,无明确下游依赖；更适合作为独立分析节点或被人工消费。,同一子域相邻技能：发布后验证清单。,0
运行与故障处理,运行监控,指标解读,监控指标解读,monitoring-metric-interpretation,解读 CPU、RT、错误率、成功率等异常,帮助理解,P1,否,发布后验证清单,在运行与故障处理-运行监控环节，围绕“解读 CPU、RT、错误率、成功率等异常”提供以解释、识别、归因为主。,止于监控解读、故障定位、处置建议和复盘，不替代长期架构改造或正式版本规划。,负责提出建议、解释现象或定位问题，不直接修改系统、代码或流程。,以上游技能输出为前置输入：发布后验证清单。,典型下游衔接：Trace调用链分析；影响范围分析；告警归因；维护手册生成。,主要与这些技能形成边界：发布后验证清单；Trace调用链分析；影响范围分析；告警归因。,4
运行与故障处理,日志分析,异常摘要,日志分析,log-analysis,从日志中识别模式、问题点和影响链路,帮助理解,P0,是,发布后验证清单,在运行与故障处理-日志分析环节，围绕“从日志中识别模式、问题点和影响链路”提供以解释、识别、归因为主。,止于监控解读、故障定位、处置建议和复盘，不替代长期架构改造或正式版本规划。,负责从现有材料中抽出结构化信息，不补充输入中不存在的业务承诺。,以上游技能输出为前置输入：发布后验证清单。,典型下游衔接：测试失败归因；Trace调用链分析；Bug分析；异常聚类；高频报错摘要；根因定位建议 等。,主要与这些技能形成边界：发布后验证清单；测试失败归因；Trace调用链分析；Bug分析。,8
运行与故障处理,调用链分析,Trace分析,Trace调用链分析,trace-call-chain-analysis,分析跨服务调用路径与瓶颈,帮助理解,P1,否,监控指标解读; 日志分析,在运行与故障处理-调用链分析环节，围绕“分析跨服务调用路径与瓶颈”提供以解释、识别、归因为主。,止于监控解读、故障定位、处置建议和复盘，不替代长期架构改造或正式版本规划。,负责提出建议、解释现象或定位问题，不直接修改系统、代码或流程。,以上游技能输出为前置输入：监控指标解读; 日志分析。,无明确下游依赖；更适合作为独立分析节点或被人工消费。,主要与这些技能形成边界：监控指标解读；日志分析。,0
运行与故障处理,问题定位,Bug分析,Bug分析,bug-analysis,结合现象、日志和代码变更判断根因,辅助决策,P0,是,日志分析; Diff风险点评审,在运行与故障处理-问题定位环节，围绕“结合现象、日志和代码变更判断根因”提供以判断依据、风险提示、建议为主。,止于监控解读、故障定位、处置建议和复盘，不替代长期架构改造或正式版本规划。,负责提出建议、解释现象或定位问题，不直接修改系统、代码或流程。,以上游技能输出为前置输入：日志分析; Diff风险点评审。,典型下游衔接：测试失败归因；根因定位建议；影响范围分析；值班处置建议；Skill路由选择。,同一子域相邻技能：异常聚类；高频报错摘要；根因定位建议。,5
运行与故障处理,问题定位,聚类归因,异常聚类,anomaly-clustering,将同类错误自动聚合,辅助查看,P1,否,日志分析,在运行与故障处理-问题定位环节，围绕“将同类错误自动聚合”提供以汇总、归类、展示为主。,止于监控解读、故障定位、处置建议和复盘，不替代长期架构改造或正式版本规划。,负责识别重复项和相似主题，不决定保留哪条需求进入版本。,以上游技能输出为前置输入：日志分析。,无明确下游依赖；更适合作为独立分析节点或被人工消费。,同一子域相邻技能：Bug分析；高频报错摘要；根因定位建议。,0
运行与故障处理,问题定位,高频问题,高频报错摘要,frequent-error-summary,汇总高频报错与趋势,辅助查看,P1,否,日志分析,在运行与故障处理-问题定位环节，围绕“汇总高频报错与趋势”提供以汇总、归类、展示为主。,止于监控解读、故障定位、处置建议和复盘，不替代长期架构改造或正式版本规划。,负责汇总、合并和归类输入，不做价值判断、优先级排序或正式方案定稿。,以上游技能输出为前置输入：日志分析。,无明确下游依赖；更适合作为独立分析节点或被人工消费。,同一子域相邻技能：Bug分析；异常聚类；根因定位建议。,0
运行与故障处理,问题定位,根因建议,根因定位建议,root-cause-analysis-recommendation,给出最可能的问题根因和证据链,辅助决策,P1,否,Bug分析; 日志分析,在运行与故障处理-问题定位环节，围绕“给出最可能的问题根因和证据链”提供以判断依据、风险提示、建议为主。,止于监控解读、故障定位、处置建议和复盘，不替代长期架构改造或正式版本规划。,负责提出建议、解释现象或定位问题，不直接修改系统、代码或流程。,以上游技能输出为前置输入：Bug分析; 日志分析。,典型下游衔接：修复方案建议；线上问题复盘。,同一子域相邻技能：Bug分析；异常聚类；高频报错摘要。,2
运行与故障处理,影响评估,影响分析,影响范围分析,impact-scope-analysis,判断影响用户、功能、服务和数据范围,辅助决策,P1,否,Bug分析; 监控指标解读,在运行与故障处理-影响评估环节，围绕“判断影响用户、功能、服务和数据范围”提供以判断依据、风险提示、建议为主。,止于监控解读、故障定位、处置建议和复盘，不替代长期架构改造或正式版本规划。,负责提出建议、解释现象或定位问题，不直接修改系统、代码或流程。,以上游技能输出为前置输入：Bug分析; 监控指标解读。,典型下游衔接：回滚预案生成；热修复风险评估；线上问题复盘。,主要与这些技能形成边界：Bug分析；监控指标解读；回滚预案生成；热修复风险评估。,3
运行与故障处理,处置响应,告警归因,告警归因,alert-attribution,判断告警来源和是否误报,帮助理解,P1,否,监控指标解读; 日志分析,在运行与故障处理-处置响应环节，围绕“判断告警来源和是否误报”提供以解释、识别、归因为主。,止于监控解读、故障定位、处置建议和复盘，不替代长期架构改造或正式版本规划。,负责提出建议、解释现象或定位问题，不直接修改系统、代码或流程。,以上游技能输出为前置输入：监控指标解读; 日志分析。,典型下游衔接：值班处置建议；故障时间线整理。,同一子域相邻技能：值班处置建议；修复方案建议；热修复风险评估。,2
运行与故障处理,处置响应,值班处置,值班处置建议,on-call-response-recommendation,给出值班排查与处置顺序,辅助决策,P1,否,告警归因; Bug分析,在运行与故障处理-处置响应环节，围绕“给出值班排查与处置顺序”提供以判断依据、风险提示、建议为主。,止于监控解读、故障定位、处置建议和复盘，不替代长期架构改造或正式版本规划。,负责提出建议、解释现象或定位问题，不直接修改系统、代码或流程。,以上游技能输出为前置输入：告警归因; Bug分析。,典型下游衔接：维护手册生成。,同一子域相邻技能：告警归因；修复方案建议；热修复风险评估。,1
运行与故障处理,处置响应,修复建议,修复方案建议,remediation-plan-recommendation,输出临时止血和正式修复建议,辅助决策,P1,否,根因定位建议,在运行与故障处理-处置响应环节，围绕“输出临时止血和正式修复建议”提供以判断依据、风险提示、建议为主。,止于监控解读、故障定位、处置建议和复盘，不替代长期架构改造或正式版本规划。,负责生成初稿、清单、说明或文档，不保证可直接上线/发布，仍需人工校对。,以上游技能输出为前置输入：根因定位建议。,典型下游衔接：热修复风险评估。,同一子域相邻技能：告警归因；值班处置建议；热修复风险评估。,1
运行与故障处理,处置响应,热修风险,热修复风险评估,hotfix-risk-assessment,评估热修影响和回归风险,辅助决策,P1,否,修复方案建议; 影响范围分析,在运行与故障处理-处置响应环节，围绕“评估热修影响和回归风险”提供以判断依据、风险提示、建议为主。,止于监控解读、故障定位、处置建议和复盘，不替代长期架构改造或正式版本规划。,负责给出评估依据、估计或排序建议，不替代负责人最终拍板。,以上游技能输出为前置输入：修复方案建议; 影响范围分析。,无明确下游依赖；更适合作为独立分析节点或被人工消费。,同一子域相邻技能：告警归因；值班处置建议；修复方案建议。,0
运行与故障处理,复盘沉淀,时间线,故障时间线整理,incident-timeline-compilation,整理告警、发现、处置和恢复时间线,直接出结果,P1,否,日志分析; 告警归因,在运行与故障处理-复盘沉淀环节，围绕“整理告警、发现、处置和恢复时间线”提供以草稿、清单、结构化结果为主。,止于监控解读、故障定位、处置建议和复盘，不替代长期架构改造或正式版本规划。,负责组织关系、流转和链路，不直接输出最终设计裁决或执行动作。,以上游技能输出为前置输入：日志分析; 告警归因。,典型下游衔接：线上问题复盘。,同一子域相邻技能：线上问题复盘。,1
运行与故障处理,复盘沉淀,事故复盘,线上问题复盘,production-incident-postmortem,输出故障复盘文档,直接出结果,P1,否,根因定位建议; 影响范围分析; 故障时间线整理,在运行与故障处理-复盘沉淀环节，围绕“输出故障复盘文档”提供以草稿、清单、结构化结果为主。,止于监控解读、故障定位、处置建议和复盘，不替代长期架构改造或正式版本规划。,负责生成初稿、清单、说明或文档，不保证可直接上线/发布，仍需人工校对。,以上游技能输出为前置输入：根因定位建议; 影响范围分析; 故障时间线整理。,典型下游衔接：最佳实践总结；质量评分引擎。,同一子域相邻技能：故障时间线整理。,2
文档与知识沉淀,技术文档,开发文档,开发文档生成,development-documentation-generation,生成模块、流程和维护文档,直接出结果,P1,否,技术方案分析; 开发任务拆分,在文档与知识沉淀-技术文档环节，围绕“生成模块、流程和维护文档”提供以草稿、清单、结构化结果为主。,止于文档化、总结与知识沉淀，不替代源头方案设计、代码实现和发布决策。,负责生成初稿、清单、说明或文档，不保证可直接上线/发布，仍需人工校对。,以上游技能输出为前置输入：技术方案分析; 开发任务拆分。,典型下游衔接：FAQ生成；最佳实践总结。,同一子域相邻技能：接口文档生成；模块设计说明生成；数据字典生成。,2
文档与知识沉淀,技术文档,接口文档,接口文档生成,api-documentation-generation,生成接口说明文档,直接出结果,P1,否,接口设计建议; DTO/VO生成,在文档与知识沉淀-技术文档环节，围绕“生成接口说明文档”提供以草稿、清单、结构化结果为主。,止于文档化、总结与知识沉淀，不替代源头方案设计、代码实现和发布决策。,负责生成初稿、清单、说明或文档，不保证可直接上线/发布，仍需人工校对。,以上游技能输出为前置输入：接口设计建议; DTO/VO生成。,典型下游衔接：FAQ生成。,同一子域相邻技能：开发文档生成；模块设计说明生成；数据字典生成。,1
文档与知识沉淀,技术文档,模块说明,模块设计说明生成,module-design-document-generation,生成模块职责、边界和依赖说明,直接出结果,P1,否,技术方案分析,在文档与知识沉淀-技术文档环节，围绕“生成模块职责、边界和依赖说明”提供以草稿、清单、结构化结果为主。,止于文档化、总结与知识沉淀，不替代源头方案设计、代码实现和发布决策。,负责生成初稿、清单、说明或文档，不保证可直接上线/发布，仍需人工校对。,以上游技能输出为前置输入：技术方案分析。,无明确下游依赖；更适合作为独立分析节点或被人工消费。,同一子域相邻技能：开发文档生成；接口文档生成；数据字典生成。,0
文档与知识沉淀,技术文档,数据字典,数据字典生成,data-dictionary-generation,输出字段说明、口径和关系,直接出结果,P1,否,表结构设计建议,在文档与知识沉淀-技术文档环节，围绕“输出字段说明、口径和关系”提供以草稿、清单、结构化结果为主。,止于文档化、总结与知识沉淀，不替代源头方案设计、代码实现和发布决策。,负责生成初稿、清单、说明或文档，不保证可直接上线/发布，仍需人工校对。,以上游技能输出为前置输入：表结构设计建议。,无明确下游依赖；更适合作为独立分析节点或被人工消费。,同一子域相邻技能：开发文档生成；接口文档生成；模块设计说明生成。,0
文档与知识沉淀,运维文档,部署文档,部署文档生成,deployment-documentation-generation,生成部署步骤和依赖说明,直接出结果,P1,否,发布任务编排,在文档与知识沉淀-运维文档环节，围绕“生成部署步骤和依赖说明”提供以草稿、清单、结构化结果为主。,止于文档化、总结与知识沉淀，不替代源头方案设计、代码实现和发布决策。,负责生成初稿、清单、说明或文档，不保证可直接上线/发布，仍需人工校对。,以上游技能输出为前置输入：发布任务编排。,无明确下游依赖；更适合作为独立分析节点或被人工消费。,同一子域相邻技能：维护手册生成。,0
文档与知识沉淀,运维文档,维护手册,维护手册生成,maintenance-manual-generation,生成日常维护与排障手册,直接出结果,P1,否,监控指标解读; 值班处置建议,在文档与知识沉淀-运维文档环节，围绕“生成日常维护与排障手册”提供以草稿、清单、结构化结果为主。,止于文档化、总结与知识沉淀，不替代源头方案设计、代码实现和发布决策。,负责生成初稿、清单、说明或文档，不保证可直接上线/发布，仍需人工校对。,以上游技能输出为前置输入：监控指标解读; 值班处置建议。,无明确下游依赖；更适合作为独立分析节点或被人工消费。,同一子域相邻技能：部署文档生成。,0
文档与知识沉淀,团队协同,会议纪要,会议纪要转行动项,meeting-minutes-to-action-items,提炼 owner、deadline 和风险项,直接出结果,P1,否,无,在文档与知识沉淀-团队协同环节，围绕“提炼 owner、deadline 和风险项”提供以草稿、清单、结构化结果为主。,止于文档化、总结与知识沉淀，不替代源头方案设计、代码实现和发布决策。,负责生成初稿、清单、说明或文档，不保证可直接上线/发布，仍需人工校对。,无强依赖；可直接基于原始输入材料启动。,无明确下游依赖；更适合作为独立分析节点或被人工消费。,同一子域相邻技能：周报生成。,0
文档与知识沉淀,团队协同,周报日报,周报生成,weekly-report-generation,汇总本周进展、风险和计划,直接出结果,P2,否,任务发起; 阻塞项提取,在文档与知识沉淀-团队协同环节，围绕“汇总本周进展、风险和计划”提供以草稿、清单、结构化结果为主。,止于文档化、总结与知识沉淀，不替代源头方案设计、代码实现和发布决策。,负责汇总、合并和归类输入，不做价值判断、优先级排序或正式方案定稿。,以上游技能输出为前置输入：任务发起; 阻塞项提取。,无明确下游依赖；更适合作为独立分析节点或被人工消费。,同一子域相邻技能：会议纪要转行动项。,0
文档与知识沉淀,经验沉淀,FAQ,FAQ生成,faq-generation,从重复问题中沉淀常见问答,直接出结果,P2,否,开发文档生成; 接口文档生成,在文档与知识沉淀-经验沉淀环节，围绕“从重复问题中沉淀常见问答”提供以草稿、清单、结构化结果为主。,止于文档化、总结与知识沉淀，不替代源头方案设计、代码实现和发布决策。,负责生成初稿、清单、说明或文档，不保证可直接上线/发布，仍需人工校对。,以上游技能输出为前置输入：开发文档生成; 接口文档生成。,无明确下游依赖；更适合作为独立分析节点或被人工消费。,同一子域相邻技能：最佳实践总结。,0
文档与知识沉淀,经验沉淀,最佳实践,最佳实践总结,best-practice-summary,提炼可复用的团队经验,直接出结果,P2,否,线上问题复盘; 开发文档生成,在文档与知识沉淀-经验沉淀环节，围绕“提炼可复用的团队经验”提供以草稿、清单、结构化结果为主。,止于文档化、总结与知识沉淀，不替代源头方案设计、代码实现和发布决策。,负责产出可复用草稿或结构化结果，不直接执行落地。,以上游技能输出为前置输入：线上问题复盘; 开发文档生成。,无明确下游依赖；更适合作为独立分析节点或被人工消费。,同一子域相邻技能：FAQ生成。,0
协同与管理,任务管理,任务发起,任务发起,task-initiation,将需求或问题转成执行任务,直接出结果,P1,否,需求交接包生成,在协同与管理-任务管理环节，围绕“将需求或问题转成执行任务”提供以草稿、清单、结构化结果为主。,止于任务、风险、状态与对齐管理，不产出专业需求、技术、测试或发布细节。,负责产出可复用草稿或结构化结果，不直接执行落地。,以上游技能输出为前置输入：需求交接包生成。,典型下游衔接：周报生成；任务状态同步；阻塞项提取；多skill编排。,同一子域相邻技能：任务状态同步。,4
协同与管理,任务管理,状态同步,任务状态同步,task-status-sync,汇总任务当前状态与阻塞项,辅助查看,P1,否,任务发起,在协同与管理-任务管理环节，围绕“汇总任务当前状态与阻塞项”提供以汇总、归类、展示为主。,止于任务、风险、状态与对齐管理，不产出专业需求、技术、测试或发布细节。,负责汇总、合并和归类输入，不做价值判断、优先级排序或正式方案定稿。,以上游技能输出为前置输入：任务发起。,典型下游衔接：项目节奏跟踪。,同一子域相邻技能：任务发起。,1
协同与管理,风险管理,阻塞识别,阻塞项提取,blocker-extraction,自动识别依赖、等待和阻塞问题,帮助理解,P1,否,开发任务拆分; 任务发起,在协同与管理-风险管理环节，围绕“自动识别依赖、等待和阻塞问题”提供以解释、识别、归因为主。,止于任务、风险、状态与对齐管理，不产出专业需求、技术、测试或发布细节。,负责从现有材料中抽出结构化信息，不补充输入中不存在的业务承诺。,以上游技能输出为前置输入：开发任务拆分; 任务发起。,典型下游衔接：周报生成；风险项提取。,同一子域相邻技能：风险项提取。,2
协同与管理,风险管理,风险识别,风险项提取,risk-item-extraction,输出项目风险和处理建议,辅助决策,P1,否,阻塞项提取; 需求变更影响分析,在协同与管理-风险管理环节，围绕“输出项目风险和处理建议”提供以判断依据、风险提示、建议为主。,止于任务、风险、状态与对齐管理，不产出专业需求、技术、测试或发布细节。,负责从现有材料中抽出结构化信息，不补充输入中不存在的业务承诺。,以上游技能输出为前置输入：阻塞项提取; 需求变更影响分析。,典型下游衔接：项目节奏跟踪。,同一子域相邻技能：阻塞项提取。,1
协同与管理,跨团队协同,对齐摘要,产品-研发对齐摘要,product-engineering-alignment-summary,汇总双方口径差异和待对齐问题,帮助理解,P1,否,需求交接包生成; 开发需求解析,在协同与管理-跨团队协同环节，围绕“汇总双方口径差异和待对齐问题”提供以解释、识别、归因为主。,止于任务、风险、状态与对齐管理，不产出专业需求、技术、测试或发布细节。,负责汇总、合并和归类输入，不做价值判断、优先级排序或正式方案定稿。,以上游技能输出为前置输入：需求交接包生成; 开发需求解析。,无明确下游依赖；更适合作为独立分析节点或被人工消费。,同一子域相邻技能：测试-研发对齐摘要。,0
协同与管理,跨团队协同,测试协同,测试-研发对齐摘要,qa-engineering-alignment-summary,汇总缺陷、验收和回归分歧,帮助理解,P1,否,测试失败归因; 验收标准生成,在协同与管理-跨团队协同环节，围绕“汇总缺陷、验收和回归分歧”提供以解释、识别、归因为主。,止于任务、风险、状态与对齐管理，不产出专业需求、技术、测试或发布细节。,负责汇总、合并和归类输入，不做价值判断、优先级排序或正式方案定稿。,以上游技能输出为前置输入：测试失败归因; 验收标准生成。,无明确下游依赖；更适合作为独立分析节点或被人工消费。,同一子域相邻技能：产品-研发对齐摘要。,0
协同与管理,版本管理,范围调整,版本范围裁剪建议,version-scope-trimming-recommendation,提出缩范围与保上线建议,辅助决策,P1,否,需求优先级评估; 发布风险评估,在协同与管理-版本管理环节，围绕“提出缩范围与保上线建议”提供以判断依据、风险提示、建议为主。,止于任务、风险、状态与对齐管理，不产出专业需求、技术、测试或发布细节。,负责给出评估依据、估计或排序建议，不替代负责人最终拍板。,以上游技能输出为前置输入：需求优先级评估; 发布风险评估。,无明确下游依赖；更适合作为独立分析节点或被人工消费。,主要与这些技能形成边界：需求优先级评估；发布风险评估。,0
协同与管理,项目节奏,进度跟踪,项目节奏跟踪,project-rhythm-tracking,跟踪里程碑、延期风险和关键节点,辅助查看,P1,否,任务状态同步; 风险项提取,在协同与管理-项目节奏环节，围绕“跟踪里程碑、延期风险和关键节点”提供以汇总、归类、展示为主。,止于任务、风险、状态与对齐管理，不产出专业需求、技术、测试或发布细节。,负责提炼现状与差异，帮助理解，不替代最终决策或正式排期。,以上游技能输出为前置输入：任务状态同步; 风险项提取。,无明确下游依赖；更适合作为独立分析节点或被人工消费。,主要与这些技能形成边界：任务状态同步；风险项提取。,0
平台底座与编排,能力路由,路由判断,Skill路由选择,skill-routing-selection,根据任务自动选择调用哪个 skill,辅助决策,P2,否,需求质量审查; 技术方案分析; 代码规范检查; Bug分析,在平台底座与编排-能力路由环节，围绕“根据任务自动选择调用哪个 skill”提供以判断依据、风险提示、建议为主。,止于路由、编排、门禁与治理能力，不承担业务域内容本身。,负责流程控制、节点治理或资源管理，不替代被编排技能本身的专业输出。,以上游技能输出为前置输入：需求质量审查; 技术方案分析; 代码规范检查; Bug分析。,典型下游衔接：多skill编排。,主要与这些技能形成边界：需求质量审查；技术方案分析；代码规范检查；Bug分析。,1
平台底座与编排,上下文管理,记忆保持,上下文记忆,context-memory,保持跨步骤背景一致,辅助查看,P2,否,多skill编排,在平台底座与编排-上下文管理环节，围绕“保持跨步骤背景一致”提供以汇总、归类、展示为主。,止于路由、编排、门禁与治理能力，不承担业务域内容本身。,负责支撑记忆、审计或模板复用，不直接完成业务任务。,以上游技能输出为前置输入：多skill编排。,无明确下游依赖；更适合作为独立分析节点或被人工消费。,主要与这些技能形成边界：多skill编排。,0
平台底座与编排,流程引擎,多技能串联,多skill编排,multi-skill-orchestration,把多个原子 skill 串成流程,直接出结果,P2,否,Skill路由选择; 任务发起,在平台底座与编排-流程引擎环节，围绕“把多个原子 skill 串成流程”提供以草稿、清单、结构化结果为主。,止于路由、编排、门禁与治理能力，不承担业务域内容本身。,负责流程控制、节点治理或资源管理，不替代被编排技能本身的专业输出。,以上游技能输出为前置输入：Skill路由选择; 任务发起。,典型下游衔接：上下文记忆；状态机驱动；失败兜底切换；审计留痕。,同一子域相邻技能：状态机驱动。,4
平台底座与编排,流程引擎,状态推进,状态机驱动,state-machine-driven-orchestration,让流程按状态自动推进,直接出结果,P2,否,多skill编排; 门禁放行判断,在平台底座与编排-流程引擎环节，围绕“让流程按状态自动推进”提供以草稿、清单、结构化结果为主。,止于路由、编排、门禁与治理能力，不承担业务域内容本身。,负责流程控制、节点治理或资源管理，不替代被编排技能本身的专业输出。,以上游技能输出为前置输入：多skill编排; 门禁放行判断。,典型下游衔接：人工确认节点管理。,同一子域相邻技能：多skill编排。,1
平台底座与编排,门禁控制,放行判断,门禁放行判断,gate-pass-decision,判断是否允许进入下一个节点,辅助决策,P2,否,需求质量审查; 质量门禁检查; 发版检查清单,在平台底座与编排-门禁控制环节，围绕“判断是否允许进入下一个节点”提供以判断依据、风险提示、建议为主。,止于路由、编排、门禁与治理能力，不承担业务域内容本身。,负责流程控制、节点治理或资源管理，不替代被编排技能本身的专业输出。,以上游技能输出为前置输入：需求质量审查; 质量门禁检查; 发版检查清单。,典型下游衔接：状态机驱动；失败兜底切换。,主要与这些技能形成边界：需求质量审查；质量门禁检查；发版检查清单；状态机驱动。,2
平台底座与编排,异常处理,失败兜底,失败兜底切换,fallback-switching,节点失败时切备用路径或人工接管,直接出结果,P2,否,多skill编排; 门禁放行判断,在平台底座与编排-异常处理环节，围绕“节点失败时切备用路径或人工接管”提供以草稿、清单、结构化结果为主。,止于路由、编排、门禁与治理能力，不承担业务域内容本身。,负责流程控制、节点治理或资源管理，不替代被编排技能本身的专业输出。,以上游技能输出为前置输入：多skill编排; 门禁放行判断。,无明确下游依赖；更适合作为独立分析节点或被人工消费。,主要与这些技能形成边界：多skill编排；门禁放行判断。,0
平台底座与编排,人机协同,人工确认,人工确认节点管理,human-confirmation-node-management,管理需要人拍板的步骤,辅助查看,P2,否,状态机驱动,在平台底座与编排-人机协同环节，围绕“管理需要人拍板的步骤”提供以汇总、归类、展示为主。,止于路由、编排、门禁与治理能力，不承担业务域内容本身。,负责流程控制、节点治理或资源管理，不替代被编排技能本身的专业输出。,以上游技能输出为前置输入：状态机驱动。,无明确下游依赖；更适合作为独立分析节点或被人工消费。,主要与这些技能形成边界：状态机驱动。,0
平台底座与编排,审计治理,审计留痕,审计留痕,audit-trail-management,记录关键动作、决策和输出版本,直接出结果,P2,否,多skill编排,在平台底座与编排-审计治理环节，围绕“记录关键动作、决策和输出版本”提供以草稿、清单、结构化结果为主。,止于路由、编排、门禁与治理能力，不承担业务域内容本身。,负责生成初稿、清单、说明或文档，不保证可直接上线/发布，仍需人工校对。,以上游技能输出为前置输入：多skill编排。,无明确下游依赖；更适合作为独立分析节点或被人工消费。,主要与这些技能形成边界：多skill编排。,0
平台底座与编排,模板治理,模板管理,模板管理,template-management,管理 PRD、方案、发布和复盘模板,辅助查看,P2,否,无,在平台底座与编排-模板治理环节，围绕“管理 PRD、方案、发布和复盘模板”提供以汇总、归类、展示为主。,止于路由、编排、门禁与治理能力，不承担业务域内容本身。,负责流程控制、节点治理或资源管理，不替代被编排技能本身的专业输出。,无强依赖；可直接基于原始输入材料启动。,无明确下游依赖；更适合作为独立分析节点或被人工消费。,无明显同级混淆对象。,0
平台底座与编排,质量治理,评分治理,质量评分引擎,quality-scoring-engine,对需求、方案、代码和发布进行统一评分,辅助决策,P2,否,需求质量审查; 代码规范检查; 质量门禁检查; 线上问题复盘,在平台底座与编排-质量治理环节，围绕“对需求、方案、代码和发布进行统一评分”提供以判断依据、风险提示、建议为主。,止于路由、编排、门禁与治理能力，不承担业务域内容本身。,负责给出评估依据、估计或排序建议，不替代负责人最终拍板。,以上游技能输出为前置输入：需求质量审查; 代码规范检查; 质量门禁检查; 线上问题复盘。,无明确下游依赖；更适合作为独立分析节点或被人工消费。,主要与这些技能形成边界：需求质量审查；代码规范检查；质量门禁检查；线上问题复盘。,0
